tag,k,ctx_tier,prompt_tokens,draft_ids,target_ids,matches,n_match,first_mismatch,npu_pp_s,npu_tg_s,target_wall_s,target_predicted_ms
2026-04-27_path_a_k16_cl2048,16,2048,72,262;671;4615;2038;1588;271;40;1184;311;4211;279;729;311;470;279;55129,262;671;4615;2038;1588;271;32313;11;358;1184;311;3270;264;13027;729;2598,1;1;1;1;1;1;0;0;0;0;0;0;0;0;0;0,6,6,3.0583830999967176,0.6449607999966247,1.2030086000013398,1122.468
