ggml_opencl: selected platform: 'QUALCOMM Snapdragon(TM)'

ggml_opencl: device: 'Qualcomm(R) Adreno(TM) X2-90 GPU (OpenCL 3.0 Qualcomm(R) Adreno(TM) X2-90 GPU)'
ggml_opencl: OpenCL driver: OpenCL 3.0 QUALCOMM build: 863.0 Compiler DX.50.39.00
ggml_opencl: vector subgroup broadcast support: true
ggml_opencl: device FP16 support: true
ggml_opencl: mem base addr align: 128
ggml_opencl: global mem size: 24379 MB
ggml_opencl: max mem alloc size: 2048 MB
ggml_opencl: device max image buffer size (pixels): 134217728
ggml_opencl: device max image2d size: 16384 x 16384
ggml_opencl: device max workgroup size: 1024
ggml_opencl: SVM coarse grain buffer support: true
ggml_opencl: SVM fine grain buffer support: true
ggml_opencl: SVM fine grain system support: false
ggml_opencl: SVM atomics support: true
ggml_opencl: flattening quantized weights representation as struct of arrays (GGML_OPENCL_SOA_Q)
ggml_opencl: using kernels optimized for Adreno (GGML_OPENCL_USE_ADRENO_KERNELS)
ggml_opencl: loading OpenCL kernels..........................................................................................................................
ggml_opencl: default device: 'Qualcomm(R) Adreno(TM) X2-90 GPU (OpenCL 3.0 Qualcomm(R) Adreno(TM) X2-90 GPU)'
main: n_parallel is set to auto, using n_parallel = 4 and kv_unified = true
build_info: b9128-856c3adac
system_info: n_threads = 18 (n_threads_batch = 18) / 18 | CPU : NEON = 1 | ARM_FMA = 1 | FP16_VA = 1 | MATMUL_INT8 = 1 | SVE = 1 | DOTPROD = 1 | SVE_CNT = 16 | SME = 1 | OPENMP = 1 | REPACK = 1 | 
init: using 17 threads for HTTP server
start: binding port with default address family
main: loading model
srv    load_model: loading model './models/Qwen3-0.6B-Q8_0.gguf'
common_init_result: fitting params to device memory, for bugs during this step try to reproduce them with -fit off, or provide --verbose logs if the bug only occurs with -fit on
common_params_fit_impl: getting device memory data for initial parameters:
common_memory_breakdown_print: | memory breakdown [MiB]                           | total    free    self   model   context   compute    unaccounted |
common_memory_breakdown_print: |   - GPUOpenCL (Qualcomm(R) Adreno(TM) X2-90 GPU) | 24379 = 23355 + (1128 =   604 +     224 +     300) +        -104 |
common_memory_breakdown_print: |   - Host                                         |                   165 =   157 +       0 +       8                |
common_params_fit_impl: projected to use 1128 MiB of device memory vs. 23355 MiB of free device memory
common_params_fit_impl: will leave 22226 >= 1024 MiB of free device memory, no changes needed
common_fit_params: successfully fit params to free device memory
common_fit_params: fitting params to free memory took 0.13 seconds
llama_model_loader: loaded meta data with 28 key-value pairs and 310 tensors from ./models/Qwen3-0.6B-Q8_0.gguf (version GGUF V3 (latest))
llama_model_loader: Dumping metadata keys/values. Note: KV overrides do not apply in this output.
llama_model_loader: - kv   0:                       general.architecture str              = qwen3
llama_model_loader: - kv   1:                               general.type str              = model
llama_model_loader: - kv   2:                               general.name str              = Qwen3 0.6B Instruct
llama_model_loader: - kv   3:                           general.finetune str              = Instruct
llama_model_loader: - kv   4:                           general.basename str              = Qwen3
llama_model_loader: - kv   5:                         general.size_label str              = 0.6B
llama_model_loader: - kv   6:                          qwen3.block_count u32              = 28
llama_model_loader: - kv   7:                       qwen3.context_length u32              = 40960
llama_model_loader: - kv   8:                     qwen3.embedding_length u32              = 1024
llama_model_loader: - kv   9:                  qwen3.feed_forward_length u32              = 3072
llama_model_loader: - kv  10:                 qwen3.attention.head_count u32              = 16
llama_model_loader: - kv  11:              qwen3.attention.head_count_kv u32              = 8
llama_model_loader: - kv  12:                       qwen3.rope.freq_base f32              = 1000000.000000
llama_model_loader: - kv  13:     qwen3.attention.layer_norm_rms_epsilon f32              = 0.000001
llama_model_loader: - kv  14:                 qwen3.attention.key_length u32              = 128
llama_model_loader: - kv  15:               qwen3.attention.value_length u32              = 128
llama_model_loader: - kv  16:                       tokenizer.ggml.model str              = gpt2
llama_model_loader: - kv  17:                         tokenizer.ggml.pre str              = qwen2
llama_model_loader: - kv  18:                      tokenizer.ggml.tokens arr[str,151936]  = ["!", "\"", "#", "$", "%", "&", "'", ...
llama_model_loader: - kv  19:                  tokenizer.ggml.token_type arr[i32,151936]  = [1, 1, 1, 1, 1, 1, 1, 1, 1, 1, 1, 1, ...
llama_model_loader: - kv  20:                      tokenizer.ggml.merges arr[str,151387]  = ["Ġ Ġ", "ĠĠ ĠĠ", "i n", "Ġ t",...
llama_model_loader: - kv  21:                tokenizer.ggml.eos_token_id u32              = 151645
llama_model_loader: - kv  22:            tokenizer.ggml.padding_token_id u32              = 151643
llama_model_loader: - kv  23:                tokenizer.ggml.bos_token_id u32              = 151643
llama_model_loader: - kv  24:               tokenizer.ggml.add_bos_token bool             = false
llama_model_loader: - kv  25:                    tokenizer.chat_template str              = {%- if tools %}\n    {{- '<|im_start|>...
llama_model_loader: - kv  26:               general.quantization_version u32              = 2
llama_model_loader: - kv  27:                          general.file_type u32              = 7
llama_model_loader: - type  f32:  113 tensors
llama_model_loader: - type q8_0:  197 tensors
print_info: file format = GGUF V3 (latest)
print_info: file type   = Q8_0
print_info: file size   = 604.15 MiB (8.50 BPW) 
llama_prepare_model_devices: using device GPUOpenCL (Qualcomm(R) Adreno(TM) X2-90 GPU) (unknown id) - 23355 MiB free
load: 0 unused tokens
load: control-looking token: 128247 '</s>' was not control-type; this is probably a bug in the model. its type will be overridden
load: printing all EOG tokens:
load:   - 128247 ('</s>')
load:   - 151643 ('<|endoftext|>')
load:   - 151645 ('<|im_end|>')
load:   - 151662 ('<|fim_pad|>')
load:   - 151663 ('<|repo_name|>')
load:   - 151664 ('<|file_sep|>')
load: special tokens cache size = 27
load: token to piece cache size = 0.9311 MB
print_info: arch                  = qwen3
print_info: vocab_only            = 0
print_info: no_alloc              = 0
print_info: n_ctx_train           = 40960
print_info: n_embd                = 1024
print_info: n_embd_inp            = 1024
print_info: n_layer               = 28
print_info: n_head                = 16
print_info: n_head_kv             = 8
print_info: n_rot                 = 128
print_info: n_swa                 = 0
print_info: is_swa_any            = 0
print_info: n_embd_head_k         = 128
print_info: n_embd_head_v         = 128
print_info: n_gqa                 = 2
print_info: n_embd_k_gqa          = 1024
print_info: n_embd_v_gqa          = 1024
print_info: f_norm_eps            = 0.0e+00
print_info: f_norm_rms_eps        = 1.0e-06
print_info: f_clamp_kqv           = 0.0e+00
print_info: f_max_alibi_bias      = 0.0e+00
print_info: f_logit_scale         = 0.0e+00
print_info: f_attn_scale          = 0.0e+00
print_info: f_attn_value_scale    = 0.0000
print_info: n_ff                  = 3072
print_info: n_expert              = 0
print_info: n_expert_used         = 0
print_info: n_expert_groups       = 0
print_info: n_group_used          = 0
print_info: causal attn           = 1
print_info: pooling type          = -1
print_info: rope type             = 2
print_info: rope scaling          = linear
print_info: freq_base_train       = 1000000.0
print_info: freq_scale_train      = 1
print_info: n_ctx_orig_yarn       = 40960
print_info: rope_yarn_log_mul     = 0.0000
print_info: rope_finetuned        = unknown
print_info: model type            = 0.6B
print_info: model params          = 596.05 M
print_info: general.name          = Qwen3 0.6B Instruct
print_info: vocab type            = BPE
print_info: n_vocab               = 151936
print_info: n_merges              = 151387
print_info: BOS token             = 151643 '<|endoftext|>'
print_info: EOS token             = 151645 '<|im_end|>'
print_info: EOT token             = 151645 '<|im_end|>'
print_info: PAD token             = 151643 '<|endoftext|>'
print_info: LF token              = 198 'Ċ'
print_info: FIM PRE token         = 151659 '<|fim_prefix|>'
print_info: FIM SUF token         = 151661 '<|fim_suffix|>'
print_info: FIM MID token         = 151660 '<|fim_middle|>'
print_info: FIM PAD token         = 151662 '<|fim_pad|>'
print_info: FIM REP token         = 151663 '<|repo_name|>'
print_info: FIM SEP token         = 151664 '<|file_sep|>'
print_info: EOG token             = 128247 '</s>'
print_info: EOG token             = 151643 '<|endoftext|>'
print_info: EOG token             = 151645 '<|im_end|>'
print_info: EOG token             = 151662 '<|fim_pad|>'
print_info: EOG token             = 151663 '<|repo_name|>'
print_info: EOG token             = 151664 '<|file_sep|>'
print_info: max token length      = 256
load_tensors: loading model tensors, this can take a while... (mmap = true, direct_io = false)
load_tensors: offloading output layer to GPU
load_tensors: offloading 27 repeating layers to GPU
load_tensors: offloaded 29/29 layers to GPU
load_tensors:   CPU_Mapped model buffer size =   157.65 MiB
load_tensors:       OpenCL model buffer size =   604.15 MiB
.............................................................
common_init_result: added </s> logit bias = -inf
common_init_result: added <|endoftext|> logit bias = -inf
common_init_result: added <|im_end|> logit bias = -inf
common_init_result: added <|fim_pad|> logit bias = -inf
common_init_result: added <|repo_name|> logit bias = -inf
common_init_result: added <|file_sep|> logit bias = -inf
llama_context: constructing llama_context
llama_context: n_seq_max     = 4
llama_context: n_ctx         = 2048
llama_context: n_ctx_seq     = 2048
llama_context: n_batch       = 2048
llama_context: n_ubatch      = 512
llama_context: causal_attn   = 1
llama_context: flash_attn    = auto
llama_context: kv_unified    = true
llama_context: freq_base     = 1000000.0
llama_context: freq_scale    = 1
llama_context: n_ctx_seq (2048) < n_ctx_train (40960) -- the full capacity of the model will not be utilized
llama_context:        CPU  output buffer size =     2.32 MiB
llama_kv_cache:     OpenCL KV buffer size =   224.00 MiB
llama_kv_cache: size =  224.00 MiB (  2048 cells,  28 layers,  4/1 seqs), K (f16):  112.00 MiB, V (f16):  112.00 MiB
llama_kv_cache: attn_rot_k = 0, n_embd_head_k_all = 128
llama_kv_cache: attn_rot_v = 0, n_embd_head_k_all = 128
sched_reserve: reserving ...
sched_reserve: Flash Attention was auto, set to enabled
sched_reserve: resolving fused Gated Delta Net support:
sched_reserve: fused Gated Delta Net (autoregressive) enabled
sched_reserve: fused Gated Delta Net (chunked) enabled
sched_reserve:     OpenCL compute buffer size =   300.75 MiB
sched_reserve:        CPU compute buffer size =     8.01 MiB
sched_reserve: graph nodes  = 987
sched_reserve: graph splits = 2
sched_reserve: reserve took 10.55 ms, sched copies = 1
common_init_from_params: warming up the model with an empty run - please wait ... (--no-warmup to disable)
srv    load_model: initializing slots, n_slots = 4
no implementations specified for speculative decoding
slot   load_model: id  0 | task -1 | new slot, n_ctx = 2048
slot   load_model: id  1 | task -1 | new slot, n_ctx = 2048
slot   load_model: id  2 | task -1 | new slot, n_ctx = 2048
slot   load_model: id  3 | task -1 | new slot, n_ctx = 2048
srv    load_model: prompt cache is enabled, size limit: 8192 MiB
srv    load_model: use `--cache-ram 0` to disable the prompt cache
srv    load_model: for more info see https://github.com/ggml-org/llama.cpp/pull/16391
srv          init: init: idle slots will be saved to prompt cache and cleared upon starting a new task
init: chat template, example_format: '<|im_start|>system
You are a helpful assistant<|im_end|>
<|im_start|>user
Hello<|im_end|>
<|im_start|>assistant
Hi there<|im_end|>
<|im_start|>user
How are you?<|im_end|>
<|im_start|>assistant
'
srv          init: init: chat template, thinking = 1
main: model loaded
main: server is listening on http://127.0.0.1:8089
main: starting the main loop...
srv  update_slots: all slots are idle
slot get_availabl: id  3 | task -1 | selected slot by LRU, t_last = -1
srv  get_availabl: updating prompt cache
srv          load:  - looking for better prompt, base f_keep = -1.000, sim = 0.000
srv        update:  - cache state: 0 prompts, 0.000 MiB (limits: 8192.000 MiB, 2048 tokens, 8589934592 est)
srv  get_availabl: prompt cache update took 0.01 ms
slot launch_slot_: id  3 | task -1 | sampler chain: logits -> ?penalties -> ?dry -> ?top-n-sigma -> top-k -> ?typical -> top-p -> min-p -> ?xtc -> temp-ext -> dist 
slot launch_slot_: id  3 | task 0 | processing task, is_child = 0
slot update_slots: id  3 | task 0 | new prompt, n_ctx_slot = 2048, n_keep = 0, task.n_tokens = 4
slot update_slots: id  3 | task 0 | n_tokens = 0, memory_seq_rm [0, end)
slot init_sampler: id  3 | task 0 | init sampler, took 0.00 ms, tokens: text = 4, total = 4
slot update_slots: id  3 | task 0 | prompt processing done, n_tokens = 4, batch.n_tokens = 4
slot print_timing: id  3 | task 0 | 
prompt eval time =      73.78 ms /     4 tokens (   18.45 ms per token,    54.21 tokens per second)
       eval time =      32.59 ms /     4 tokens (    8.15 ms per token,   122.72 tokens per second)
      total time =     106.38 ms /     8 tokens
slot      release: id  3 | task 0 | stop processing: n_tokens = 7, truncated = 0
srv  update_slots: all slots are idle
srv  log_server_r: done request: POST /completion 127.0.0.1 200
slot get_availabl: id  2 | task -1 | selected slot by LRU, t_last = -1
srv  get_availabl: updating prompt cache
srv          load:  - looking for better prompt, base f_keep = -1.000, sim = 0.000
srv        update:  - cache state: 0 prompts, 0.000 MiB (limits: 8192.000 MiB, 2048 tokens, 8589934592 est)
srv  get_availabl: prompt cache update took 0.01 ms
slot launch_slot_: id  2 | task -1 | sampler chain: logits -> top-k -> dist 
slot launch_slot_: id  2 | task 5 | processing task, is_child = 0
slot slot_save_an: id  3 | task -1 | saving idle slot to prompt cache
srv   prompt_save:  - saving prompt with length 7, total state size = 0.766 MiB (draft: 0.000 MiB)
slot prompt_clear: id  3 | task -1 | clearing prompt with 7 tokens
srv        update:  - cache state: 1 prompts, 0.766 MiB (limits: 8192.000 MiB, 2048 tokens, 74825 est)
srv        update:    - prompt 000000800B0F5190:       7 tokens, checkpoints:  0,     0.766 MiB
slot update_slots: id  2 | task 5 | new prompt, n_ctx_slot = 2048, n_keep = 0, task.n_tokens = 33
slot update_slots: id  2 | task 5 | n_tokens = 0, memory_seq_rm [0, end)
slot init_sampler: id  2 | task 5 | init sampler, took 0.01 ms, tokens: text = 33, total = 33
slot update_slots: id  2 | task 5 | prompt processing done, n_tokens = 33, batch.n_tokens = 33
slot print_timing: id  2 | task 5 | 
prompt eval time =      75.16 ms /    33 tokens (    2.28 ms per token,   439.06 tokens per second)
       eval time =      11.42 ms /     2 tokens (    5.71 ms per token,   175.13 tokens per second)
      total time =      86.58 ms /    35 tokens
slot      release: id  2 | task 5 | stop processing: n_tokens = 34, truncated = 0
srv  update_slots: all slots are idle
srv  log_server_r: done request: POST /completion 127.0.0.1 200
slot get_availabl: id  2 | task -1 | selected slot by LCP similarity, sim_best = 0.971 (> 0.100 thold), f_keep = 1.000
slot launch_slot_: id  2 | task -1 | sampler chain: logits -> top-k -> dist 
slot launch_slot_: id  2 | task 8 | processing task, is_child = 0
slot update_slots: id  2 | task 8 | new prompt, n_ctx_slot = 2048, n_keep = 0, task.n_tokens = 35
slot update_slots: id  2 | task 8 | n_tokens = 34, memory_seq_rm [34, end)
slot init_sampler: id  2 | task 8 | init sampler, took 0.01 ms, tokens: text = 35, total = 35
slot update_slots: id  2 | task 8 | prompt processing done, n_tokens = 35, batch.n_tokens = 1
slot print_timing: id  2 | task 8 | 
prompt eval time =      11.37 ms /     1 tokens (   11.37 ms per token,    87.94 tokens per second)
       eval time =      10.50 ms /     2 tokens (    5.25 ms per token,   190.53 tokens per second)
      total time =      21.87 ms /     3 tokens
slot      release: id  2 | task 8 | stop processing: n_tokens = 36, truncated = 0
srv  update_slots: all slots are idle
srv  log_server_r: done request: POST /completion 127.0.0.1 200
slot get_availabl: id  2 | task -1 | selected slot by LCP similarity, sim_best = 0.947 (> 0.100 thold), f_keep = 1.000
slot launch_slot_: id  2 | task -1 | sampler chain: logits -> top-k -> dist 
slot launch_slot_: id  2 | task 11 | processing task, is_child = 0
slot update_slots: id  2 | task 11 | new prompt, n_ctx_slot = 2048, n_keep = 0, task.n_tokens = 38
slot update_slots: id  2 | task 11 | n_tokens = 36, memory_seq_rm [36, end)
slot init_sampler: id  2 | task 11 | init sampler, took 0.01 ms, tokens: text = 38, total = 38
slot update_slots: id  2 | task 11 | prompt processing done, n_tokens = 38, batch.n_tokens = 2
slot print_timing: id  2 | task 11 | 
prompt eval time =      75.13 ms /     2 tokens (   37.56 ms per token,    26.62 tokens per second)
       eval time =      11.10 ms /     2 tokens (    5.55 ms per token,   180.20 tokens per second)
      total time =      86.23 ms /     4 tokens
slot      release: id  2 | task 11 | stop processing: n_tokens = 39, truncated = 0
srv  update_slots: all slots are idle
srv  log_server_r: done request: POST /completion 127.0.0.1 200
slot get_availabl: id  2 | task -1 | selected slot by LCP similarity, sim_best = 0.974 (> 0.100 thold), f_keep = 0.974
slot launch_slot_: id  2 | task -1 | sampler chain: logits -> top-k -> dist 
slot launch_slot_: id  2 | task 14 | processing task, is_child = 0
slot update_slots: id  2 | task 14 | new prompt, n_ctx_slot = 2048, n_keep = 0, task.n_tokens = 39
slot update_slots: id  2 | task 14 | n_tokens = 38, memory_seq_rm [38, end)
slot init_sampler: id  2 | task 14 | init sampler, took 0.01 ms, tokens: text = 39, total = 39
slot update_slots: id  2 | task 14 | prompt processing done, n_tokens = 39, batch.n_tokens = 1
slot print_timing: id  2 | task 14 | 
prompt eval time =      10.76 ms /     1 tokens (   10.76 ms per token,    92.98 tokens per second)
       eval time =      10.43 ms /     2 tokens (    5.21 ms per token,   191.85 tokens per second)
      total time =      21.18 ms /     3 tokens
slot      release: id  2 | task 14 | stop processing: n_tokens = 40, truncated = 0
srv  update_slots: all slots are idle
srv  log_server_r: done request: POST /completion 127.0.0.1 200
slot get_availabl: id  2 | task -1 | selected slot by LCP similarity, sim_best = 0.975 (> 0.100 thold), f_keep = 0.975
slot launch_slot_: id  2 | task -1 | sampler chain: logits -> top-k -> dist 
slot launch_slot_: id  2 | task 17 | processing task, is_child = 0
slot update_slots: id  2 | task 17 | new prompt, n_ctx_slot = 2048, n_keep = 0, task.n_tokens = 40
slot update_slots: id  2 | task 17 | n_tokens = 39, memory_seq_rm [39, end)
slot init_sampler: id  2 | task 17 | init sampler, took 0.01 ms, tokens: text = 40, total = 40
slot update_slots: id  2 | task 17 | prompt processing done, n_tokens = 40, batch.n_tokens = 1
slot print_timing: id  2 | task 17 | 
prompt eval time =      10.91 ms /     1 tokens (   10.91 ms per token,    91.67 tokens per second)
       eval time =      10.90 ms /     2 tokens (    5.45 ms per token,   183.55 tokens per second)
      total time =      21.80 ms /     3 tokens
slot      release: id  2 | task 17 | stop processing: n_tokens = 41, truncated = 0
srv  update_slots: all slots are idle
srv  log_server_r: done request: POST /completion 127.0.0.1 200
slot get_availabl: id  2 | task -1 | selected slot by LCP similarity, sim_best = 0.976 (> 0.100 thold), f_keep = 1.000
slot launch_slot_: id  2 | task -1 | sampler chain: logits -> top-k -> dist 
slot launch_slot_: id  2 | task 20 | processing task, is_child = 0
slot update_slots: id  2 | task 20 | new prompt, n_ctx_slot = 2048, n_keep = 0, task.n_tokens = 42
slot update_slots: id  2 | task 20 | n_tokens = 41, memory_seq_rm [41, end)
slot init_sampler: id  2 | task 20 | init sampler, took 0.01 ms, tokens: text = 42, total = 42
slot update_slots: id  2 | task 20 | prompt processing done, n_tokens = 42, batch.n_tokens = 1
slot print_timing: id  2 | task 20 | 
prompt eval time =      12.81 ms /     1 tokens (   12.81 ms per token,    78.06 tokens per second)
       eval time =      10.97 ms /     2 tokens (    5.48 ms per token,   182.33 tokens per second)
      total time =      23.78 ms /     3 tokens
slot      release: id  2 | task 20 | stop processing: n_tokens = 43, truncated = 0
srv  update_slots: all slots are idle
srv  log_server_r: done request: POST /completion 127.0.0.1 200
slot get_availabl: id  2 | task -1 | selected slot by LCP similarity, sim_best = 0.977 (> 0.100 thold), f_keep = 0.977
slot launch_slot_: id  2 | task -1 | sampler chain: logits -> top-k -> dist 
slot launch_slot_: id  2 | task 23 | processing task, is_child = 0
slot update_slots: id  2 | task 23 | new prompt, n_ctx_slot = 2048, n_keep = 0, task.n_tokens = 43
slot update_slots: id  2 | task 23 | n_tokens = 42, memory_seq_rm [42, end)
slot init_sampler: id  2 | task 23 | init sampler, took 0.01 ms, tokens: text = 43, total = 43
slot update_slots: id  2 | task 23 | prompt processing done, n_tokens = 43, batch.n_tokens = 1
slot print_timing: id  2 | task 23 | 
prompt eval time =      11.48 ms /     1 tokens (   11.48 ms per token,    87.11 tokens per second)
       eval time =      10.63 ms /     2 tokens (    5.31 ms per token,   188.16 tokens per second)
      total time =      22.11 ms /     3 tokens
slot      release: id  2 | task 23 | stop processing: n_tokens = 44, truncated = 0
srv  update_slots: all slots are idle
srv  log_server_r: done request: POST /completion 127.0.0.1 200
slot get_availabl: id  2 | task -1 | selected slot by LCP similarity, sim_best = 0.957 (> 0.100 thold), f_keep = 1.000
slot launch_slot_: id  2 | task -1 | sampler chain: logits -> top-k -> dist 
slot launch_slot_: id  2 | task 26 | processing task, is_child = 0
slot update_slots: id  2 | task 26 | new prompt, n_ctx_slot = 2048, n_keep = 0, task.n_tokens = 46
slot update_slots: id  2 | task 26 | n_tokens = 44, memory_seq_rm [44, end)
slot init_sampler: id  2 | task 26 | init sampler, took 0.01 ms, tokens: text = 46, total = 46
slot update_slots: id  2 | task 26 | prompt processing done, n_tokens = 46, batch.n_tokens = 2
slot print_timing: id  2 | task 26 | 
prompt eval time =      72.88 ms /     2 tokens (   36.44 ms per token,    27.44 tokens per second)
       eval time =      10.75 ms /     2 tokens (    5.38 ms per token,   186.03 tokens per second)
      total time =      83.63 ms /     4 tokens
slot      release: id  2 | task 26 | stop processing: n_tokens = 47, truncated = 0
srv  update_slots: all slots are idle
srv  log_server_r: done request: POST /completion 127.0.0.1 200
slot get_availabl: id  2 | task -1 | selected slot by LCP similarity, sim_best = 0.979 (> 0.100 thold), f_keep = 0.979
slot launch_slot_: id  2 | task -1 | sampler chain: logits -> top-k -> dist 
slot launch_slot_: id  2 | task 29 | processing task, is_child = 0
slot update_slots: id  2 | task 29 | new prompt, n_ctx_slot = 2048, n_keep = 0, task.n_tokens = 47
slot update_slots: id  2 | task 29 | n_tokens = 46, memory_seq_rm [46, end)
slot init_sampler: id  2 | task 29 | init sampler, took 0.01 ms, tokens: text = 47, total = 47
slot update_slots: id  2 | task 29 | prompt processing done, n_tokens = 47, batch.n_tokens = 1
slot print_timing: id  2 | task 29 | 
prompt eval time =      10.89 ms /     1 tokens (   10.89 ms per token,    91.86 tokens per second)
       eval time =      10.41 ms /     2 tokens (    5.21 ms per token,   192.10 tokens per second)
      total time =      21.30 ms /     3 tokens
slot      release: id  2 | task 29 | stop processing: n_tokens = 48, truncated = 0
srv  update_slots: all slots are idle
srv  log_server_r: done request: POST /completion 127.0.0.1 200
slot get_availabl: id  2 | task -1 | selected slot by LCP similarity, sim_best = 0.980 (> 0.100 thold), f_keep = 1.000
slot launch_slot_: id  2 | task -1 | sampler chain: logits -> top-k -> dist 
slot launch_slot_: id  2 | task 32 | processing task, is_child = 0
slot update_slots: id  2 | task 32 | new prompt, n_ctx_slot = 2048, n_keep = 0, task.n_tokens = 49
slot update_slots: id  2 | task 32 | n_tokens = 48, memory_seq_rm [48, end)
slot init_sampler: id  2 | task 32 | init sampler, took 0.01 ms, tokens: text = 49, total = 49
slot update_slots: id  2 | task 32 | prompt processing done, n_tokens = 49, batch.n_tokens = 1
slot print_timing: id  2 | task 32 | 
prompt eval time =      10.88 ms /     1 tokens (   10.88 ms per token,    91.89 tokens per second)
       eval time =      10.42 ms /     2 tokens (    5.21 ms per token,   191.88 tokens per second)
      total time =      21.30 ms /     3 tokens
slot      release: id  2 | task 32 | stop processing: n_tokens = 50, truncated = 0
srv  update_slots: all slots are idle
srv  log_server_r: done request: POST /completion 127.0.0.1 200
slot get_availabl: id  2 | task -1 | selected slot by LCP similarity, sim_best = 0.980 (> 0.100 thold), f_keep = 1.000
slot launch_slot_: id  2 | task -1 | sampler chain: logits -> top-k -> dist 
slot launch_slot_: id  2 | task 35 | processing task, is_child = 0
slot update_slots: id  2 | task 35 | new prompt, n_ctx_slot = 2048, n_keep = 0, task.n_tokens = 51
slot update_slots: id  2 | task 35 | n_tokens = 50, memory_seq_rm [50, end)
slot init_sampler: id  2 | task 35 | init sampler, took 0.01 ms, tokens: text = 51, total = 51
slot update_slots: id  2 | task 35 | prompt processing done, n_tokens = 51, batch.n_tokens = 1
slot print_timing: id  2 | task 35 | 
prompt eval time =      11.37 ms /     1 tokens (   11.37 ms per token,    87.97 tokens per second)
       eval time =      11.32 ms /     2 tokens (    5.66 ms per token,   176.69 tokens per second)
      total time =      22.69 ms /     3 tokens
slot      release: id  2 | task 35 | stop processing: n_tokens = 52, truncated = 0
srv  update_slots: all slots are idle
srv  log_server_r: done request: POST /completion 127.0.0.1 200
slot get_availabl: id  2 | task -1 | selected slot by LCP similarity, sim_best = 0.981 (> 0.100 thold), f_keep = 0.981
slot launch_slot_: id  2 | task -1 | sampler chain: logits -> top-k -> dist 
slot launch_slot_: id  2 | task 38 | processing task, is_child = 0
slot update_slots: id  2 | task 38 | new prompt, n_ctx_slot = 2048, n_keep = 0, task.n_tokens = 52
slot update_slots: id  2 | task 38 | n_tokens = 51, memory_seq_rm [51, end)
slot init_sampler: id  2 | task 38 | init sampler, took 0.01 ms, tokens: text = 52, total = 52
slot update_slots: id  2 | task 38 | prompt processing done, n_tokens = 52, batch.n_tokens = 1
slot print_timing: id  2 | task 38 | 
prompt eval time =      10.87 ms /     1 tokens (   10.87 ms per token,    92.01 tokens per second)
       eval time =      10.95 ms /     2 tokens (    5.48 ms per token,   182.58 tokens per second)
      total time =      21.82 ms /     3 tokens
slot      release: id  2 | task 38 | stop processing: n_tokens = 53, truncated = 0
srv  update_slots: all slots are idle
srv  log_server_r: done request: POST /completion 127.0.0.1 200
slot get_availabl: id  2 | task -1 | selected slot by LCP similarity, sim_best = 0.981 (> 0.100 thold), f_keep = 0.981
slot launch_slot_: id  2 | task -1 | sampler chain: logits -> top-k -> dist 
slot launch_slot_: id  2 | task 41 | processing task, is_child = 0
slot update_slots: id  2 | task 41 | new prompt, n_ctx_slot = 2048, n_keep = 0, task.n_tokens = 53
slot update_slots: id  2 | task 41 | n_tokens = 52, memory_seq_rm [52, end)
slot init_sampler: id  2 | task 41 | init sampler, took 0.01 ms, tokens: text = 53, total = 53
slot update_slots: id  2 | task 41 | prompt processing done, n_tokens = 53, batch.n_tokens = 1
slot print_timing: id  2 | task 41 | 
prompt eval time =      11.01 ms /     1 tokens (   11.01 ms per token,    90.85 tokens per second)
       eval time =      10.39 ms /     2 tokens (    5.20 ms per token,   192.44 tokens per second)
      total time =      21.40 ms /     3 tokens
slot      release: id  2 | task 41 | stop processing: n_tokens = 54, truncated = 0
srv  update_slots: all slots are idle
srv  log_server_r: done request: POST /completion 127.0.0.1 200
slot get_availabl: id  2 | task -1 | selected slot by LCP similarity, sim_best = 0.981 (> 0.100 thold), f_keep = 0.981
slot launch_slot_: id  2 | task -1 | sampler chain: logits -> top-k -> dist 
slot launch_slot_: id  2 | task 44 | processing task, is_child = 0
slot update_slots: id  2 | task 44 | new prompt, n_ctx_slot = 2048, n_keep = 0, task.n_tokens = 54
slot update_slots: id  2 | task 44 | n_tokens = 53, memory_seq_rm [53, end)
slot init_sampler: id  2 | task 44 | init sampler, took 0.02 ms, tokens: text = 54, total = 54
slot update_slots: id  2 | task 44 | prompt processing done, n_tokens = 54, batch.n_tokens = 1
slot print_timing: id  2 | task 44 | 
prompt eval time =      11.33 ms /     1 tokens (   11.33 ms per token,    88.28 tokens per second)
       eval time =      10.63 ms /     2 tokens (    5.31 ms per token,   188.22 tokens per second)
      total time =      21.95 ms /     3 tokens
slot      release: id  2 | task 44 | stop processing: n_tokens = 55, truncated = 0
srv  update_slots: all slots are idle
srv  log_server_r: done request: POST /completion 127.0.0.1 200
slot get_availabl: id  2 | task -1 | selected slot by LCP similarity, sim_best = 0.965 (> 0.100 thold), f_keep = 1.000
slot launch_slot_: id  2 | task -1 | sampler chain: logits -> top-k -> dist 
slot launch_slot_: id  2 | task 47 | processing task, is_child = 0
slot update_slots: id  2 | task 47 | new prompt, n_ctx_slot = 2048, n_keep = 0, task.n_tokens = 57
slot update_slots: id  2 | task 47 | n_tokens = 55, memory_seq_rm [55, end)
slot init_sampler: id  2 | task 47 | init sampler, took 0.01 ms, tokens: text = 57, total = 57
slot update_slots: id  2 | task 47 | prompt processing done, n_tokens = 57, batch.n_tokens = 2
slot print_timing: id  2 | task 47 | 
prompt eval time =      71.75 ms /     2 tokens (   35.88 ms per token,    27.87 tokens per second)
       eval time =      13.51 ms /     2 tokens (    6.75 ms per token,   148.08 tokens per second)
      total time =      85.26 ms /     4 tokens
slot      release: id  2 | task 47 | stop processing: n_tokens = 58, truncated = 0
srv  update_slots: all slots are idle
srv  log_server_r: done request: POST /completion 127.0.0.1 200
slot get_availabl: id  2 | task -1 | selected slot by LCP similarity, sim_best = 0.967 (> 0.100 thold), f_keep = 1.000
slot launch_slot_: id  2 | task -1 | sampler chain: logits -> top-k -> dist 
slot launch_slot_: id  2 | task 50 | processing task, is_child = 0
slot update_slots: id  2 | task 50 | new prompt, n_ctx_slot = 2048, n_keep = 0, task.n_tokens = 60
slot update_slots: id  2 | task 50 | n_tokens = 58, memory_seq_rm [58, end)
slot init_sampler: id  2 | task 50 | init sampler, took 0.01 ms, tokens: text = 60, total = 60
slot update_slots: id  2 | task 50 | prompt processing done, n_tokens = 60, batch.n_tokens = 2
slot print_timing: id  2 | task 50 | 
prompt eval time =      74.57 ms /     2 tokens (   37.28 ms per token,    26.82 tokens per second)
       eval time =      11.44 ms /     2 tokens (    5.72 ms per token,   174.81 tokens per second)
      total time =      86.01 ms /     4 tokens
slot      release: id  2 | task 50 | stop processing: n_tokens = 61, truncated = 0
srv  update_slots: all slots are idle
srv  log_server_r: done request: POST /completion 127.0.0.1 200
slot get_availabl: id  2 | task -1 | selected slot by LCP similarity, sim_best = 0.984 (> 0.100 thold), f_keep = 0.984
slot launch_slot_: id  2 | task -1 | sampler chain: logits -> top-k -> dist 
slot launch_slot_: id  2 | task 53 | processing task, is_child = 0
slot update_slots: id  2 | task 53 | new prompt, n_ctx_slot = 2048, n_keep = 0, task.n_tokens = 61
slot update_slots: id  2 | task 53 | n_tokens = 60, memory_seq_rm [60, end)
slot init_sampler: id  2 | task 53 | init sampler, took 0.01 ms, tokens: text = 61, total = 61
slot update_slots: id  2 | task 53 | prompt processing done, n_tokens = 61, batch.n_tokens = 1
slot print_timing: id  2 | task 53 | 
prompt eval time =      15.19 ms /     1 tokens (   15.19 ms per token,    65.85 tokens per second)
       eval time =      11.12 ms /     2 tokens (    5.56 ms per token,   179.90 tokens per second)
      total time =      26.30 ms /     3 tokens
slot      release: id  2 | task 53 | stop processing: n_tokens = 62, truncated = 0
srv  update_slots: all slots are idle
srv  log_server_r: done request: POST /completion 127.0.0.1 200
slot get_availabl: id  2 | task -1 | selected slot by LCP similarity, sim_best = 0.969 (> 0.100 thold), f_keep = 1.000
slot launch_slot_: id  2 | task -1 | sampler chain: logits -> top-k -> dist 
slot launch_slot_: id  2 | task 56 | processing task, is_child = 0
slot update_slots: id  2 | task 56 | new prompt, n_ctx_slot = 2048, n_keep = 0, task.n_tokens = 64
slot update_slots: id  2 | task 56 | n_tokens = 62, memory_seq_rm [62, end)
slot init_sampler: id  2 | task 56 | init sampler, took 0.01 ms, tokens: text = 64, total = 64
slot update_slots: id  2 | task 56 | prompt processing done, n_tokens = 64, batch.n_tokens = 2
slot print_timing: id  2 | task 56 | 
prompt eval time =      72.60 ms /     2 tokens (   36.30 ms per token,    27.55 tokens per second)
       eval time =      10.70 ms /     2 tokens (    5.35 ms per token,   186.88 tokens per second)
      total time =      83.30 ms /     4 tokens
slot      release: id  2 | task 56 | stop processing: n_tokens = 65, truncated = 0
srv  update_slots: all slots are idle
srv  log_server_r: done request: POST /completion 127.0.0.1 200
slot get_availabl: id  2 | task -1 | selected slot by LCP similarity, sim_best = 0.970 (> 0.100 thold), f_keep = 1.000
slot launch_slot_: id  2 | task -1 | sampler chain: logits -> top-k -> dist 
slot launch_slot_: id  2 | task 59 | processing task, is_child = 0
slot update_slots: id  2 | task 59 | new prompt, n_ctx_slot = 2048, n_keep = 0, task.n_tokens = 67
slot update_slots: id  2 | task 59 | n_tokens = 65, memory_seq_rm [65, end)
slot init_sampler: id  2 | task 59 | init sampler, took 0.01 ms, tokens: text = 67, total = 67
slot update_slots: id  2 | task 59 | prompt processing done, n_tokens = 67, batch.n_tokens = 2
slot print_timing: id  2 | task 59 | 
prompt eval time =      73.60 ms /     2 tokens (   36.80 ms per token,    27.18 tokens per second)
       eval time =      11.27 ms /     2 tokens (    5.64 ms per token,   177.42 tokens per second)
      total time =      84.87 ms /     4 tokens
slot      release: id  2 | task 59 | stop processing: n_tokens = 68, truncated = 0
srv  update_slots: all slots are idle
srv  log_server_r: done request: POST /completion 127.0.0.1 200
slot get_availabl: id  2 | task -1 | selected slot by LCP similarity, sim_best = 0.971 (> 0.100 thold), f_keep = 1.000
slot launch_slot_: id  2 | task -1 | sampler chain: logits -> top-k -> dist 
slot launch_slot_: id  2 | task 62 | processing task, is_child = 0
slot update_slots: id  2 | task 62 | new prompt, n_ctx_slot = 2048, n_keep = 0, task.n_tokens = 70
slot update_slots: id  2 | task 62 | n_tokens = 68, memory_seq_rm [68, end)
slot init_sampler: id  2 | task 62 | init sampler, took 0.01 ms, tokens: text = 70, total = 70
slot update_slots: id  2 | task 62 | prompt processing done, n_tokens = 70, batch.n_tokens = 2
slot print_timing: id  2 | task 62 | 
prompt eval time =      72.38 ms /     2 tokens (   36.19 ms per token,    27.63 tokens per second)
       eval time =      10.69 ms /     2 tokens (    5.35 ms per token,   187.06 tokens per second)
      total time =      83.07 ms /     4 tokens
slot      release: id  2 | task 62 | stop processing: n_tokens = 71, truncated = 0
srv  update_slots: all slots are idle
srv  log_server_r: done request: POST /completion 127.0.0.1 200
slot get_availabl: id  2 | task -1 | selected slot by LCP similarity, sim_best = 0.986 (> 0.100 thold), f_keep = 0.986
slot launch_slot_: id  2 | task -1 | sampler chain: logits -> top-k -> dist 
slot launch_slot_: id  2 | task 65 | processing task, is_child = 0
slot update_slots: id  2 | task 65 | new prompt, n_ctx_slot = 2048, n_keep = 0, task.n_tokens = 71
slot update_slots: id  2 | task 65 | n_tokens = 70, memory_seq_rm [70, end)
slot init_sampler: id  2 | task 65 | init sampler, took 0.01 ms, tokens: text = 71, total = 71
slot update_slots: id  2 | task 65 | prompt processing done, n_tokens = 71, batch.n_tokens = 1
slot print_timing: id  2 | task 65 | 
prompt eval time =      10.87 ms /     1 tokens (   10.87 ms per token,    92.03 tokens per second)
       eval time =      10.48 ms /     2 tokens (    5.24 ms per token,   190.80 tokens per second)
      total time =      21.35 ms /     3 tokens
slot      release: id  2 | task 65 | stop processing: n_tokens = 72, truncated = 0
srv  update_slots: all slots are idle
srv  log_server_r: done request: POST /completion 127.0.0.1 200
slot get_availabl: id  2 | task -1 | selected slot by LCP similarity, sim_best = 0.973 (> 0.100 thold), f_keep = 1.000
slot launch_slot_: id  2 | task -1 | sampler chain: logits -> top-k -> dist 
slot launch_slot_: id  2 | task 68 | processing task, is_child = 0
slot update_slots: id  2 | task 68 | new prompt, n_ctx_slot = 2048, n_keep = 0, task.n_tokens = 74
slot update_slots: id  2 | task 68 | n_tokens = 72, memory_seq_rm [72, end)
slot init_sampler: id  2 | task 68 | init sampler, took 0.01 ms, tokens: text = 74, total = 74
slot update_slots: id  2 | task 68 | prompt processing done, n_tokens = 74, batch.n_tokens = 2
slot print_timing: id  2 | task 68 | 
prompt eval time =      76.17 ms /     2 tokens (   38.08 ms per token,    26.26 tokens per second)
       eval time =      11.17 ms /     2 tokens (    5.58 ms per token,   179.10 tokens per second)
      total time =      87.33 ms /     4 tokens
slot      release: id  2 | task 68 | stop processing: n_tokens = 75, truncated = 0
srv  update_slots: all slots are idle
srv  log_server_r: done request: POST /completion 127.0.0.1 200
slot get_availabl: id  2 | task -1 | selected slot by LCP similarity, sim_best = 0.987 (> 0.100 thold), f_keep = 0.987
slot launch_slot_: id  2 | task -1 | sampler chain: logits -> top-k -> dist 
slot launch_slot_: id  2 | task 71 | processing task, is_child = 0
slot update_slots: id  2 | task 71 | new prompt, n_ctx_slot = 2048, n_keep = 0, task.n_tokens = 75
slot update_slots: id  2 | task 71 | n_tokens = 74, memory_seq_rm [74, end)
slot init_sampler: id  2 | task 71 | init sampler, took 0.01 ms, tokens: text = 75, total = 75
slot update_slots: id  2 | task 71 | prompt processing done, n_tokens = 75, batch.n_tokens = 1
slot print_timing: id  2 | task 71 | 
prompt eval time =      10.80 ms /     1 tokens (   10.80 ms per token,    92.62 tokens per second)
       eval time =      11.04 ms /     2 tokens (    5.52 ms per token,   181.19 tokens per second)
      total time =      21.84 ms /     3 tokens
slot      release: id  2 | task 71 | stop processing: n_tokens = 76, truncated = 0
srv  update_slots: all slots are idle
srv  log_server_r: done request: POST /completion 127.0.0.1 200
slot get_availabl: id  2 | task -1 | selected slot by LCP similarity, sim_best = 0.974 (> 0.100 thold), f_keep = 1.000
slot launch_slot_: id  2 | task -1 | sampler chain: logits -> top-k -> dist 
slot launch_slot_: id  2 | task 74 | processing task, is_child = 0
slot update_slots: id  2 | task 74 | new prompt, n_ctx_slot = 2048, n_keep = 0, task.n_tokens = 78
slot update_slots: id  2 | task 74 | n_tokens = 76, memory_seq_rm [76, end)
slot init_sampler: id  2 | task 74 | init sampler, took 0.01 ms, tokens: text = 78, total = 78
slot update_slots: id  2 | task 74 | prompt processing done, n_tokens = 78, batch.n_tokens = 2
slot print_timing: id  2 | task 74 | 
prompt eval time =      73.88 ms /     2 tokens (   36.94 ms per token,    27.07 tokens per second)
       eval time =      12.65 ms /     2 tokens (    6.32 ms per token,   158.13 tokens per second)
      total time =      86.53 ms /     4 tokens
slot      release: id  2 | task 74 | stop processing: n_tokens = 79, truncated = 0
srv  update_slots: all slots are idle
srv  log_server_r: done request: POST /completion 127.0.0.1 200
slot get_availabl: id  2 | task -1 | selected slot by LCP similarity, sim_best = 0.988 (> 0.100 thold), f_keep = 1.000
slot launch_slot_: id  2 | task -1 | sampler chain: logits -> top-k -> dist 
slot launch_slot_: id  2 | task 77 | processing task, is_child = 0
slot update_slots: id  2 | task 77 | new prompt, n_ctx_slot = 2048, n_keep = 0, task.n_tokens = 80
slot update_slots: id  2 | task 77 | n_tokens = 79, memory_seq_rm [79, end)
slot init_sampler: id  2 | task 77 | init sampler, took 0.01 ms, tokens: text = 80, total = 80
slot update_slots: id  2 | task 77 | prompt processing done, n_tokens = 80, batch.n_tokens = 1
slot print_timing: id  2 | task 77 | 
prompt eval time =      12.03 ms /     1 tokens (   12.03 ms per token,    83.11 tokens per second)
       eval time =      10.49 ms /     2 tokens (    5.24 ms per token,   190.68 tokens per second)
      total time =      22.52 ms /     3 tokens
slot      release: id  2 | task 77 | stop processing: n_tokens = 81, truncated = 0
srv  update_slots: all slots are idle
srv  log_server_r: done request: POST /completion 127.0.0.1 200
slot get_availabl: id  2 | task -1 | selected slot by LCP similarity, sim_best = 0.976 (> 0.100 thold), f_keep = 1.000
slot launch_slot_: id  2 | task -1 | sampler chain: logits -> top-k -> dist 
slot launch_slot_: id  2 | task 80 | processing task, is_child = 0
slot update_slots: id  2 | task 80 | new prompt, n_ctx_slot = 2048, n_keep = 0, task.n_tokens = 83
slot update_slots: id  2 | task 80 | n_tokens = 81, memory_seq_rm [81, end)
slot init_sampler: id  2 | task 80 | init sampler, took 0.01 ms, tokens: text = 83, total = 83
slot update_slots: id  2 | task 80 | prompt processing done, n_tokens = 83, batch.n_tokens = 2
slot print_timing: id  2 | task 80 | 
prompt eval time =      71.38 ms /     2 tokens (   35.69 ms per token,    28.02 tokens per second)
       eval time =      13.08 ms /     2 tokens (    6.54 ms per token,   152.95 tokens per second)
      total time =      84.46 ms /     4 tokens
slot      release: id  2 | task 80 | stop processing: n_tokens = 84, truncated = 0
srv  update_slots: all slots are idle
srv  log_server_r: done request: POST /completion 127.0.0.1 200
slot get_availabl: id  2 | task -1 | selected slot by LCP similarity, sim_best = 0.977 (> 0.100 thold), f_keep = 1.000
slot launch_slot_: id  2 | task -1 | sampler chain: logits -> top-k -> dist 
slot launch_slot_: id  2 | task 83 | processing task, is_child = 0
slot update_slots: id  2 | task 83 | new prompt, n_ctx_slot = 2048, n_keep = 0, task.n_tokens = 86
slot update_slots: id  2 | task 83 | n_tokens = 84, memory_seq_rm [84, end)
slot init_sampler: id  2 | task 83 | init sampler, took 0.01 ms, tokens: text = 86, total = 86
slot update_slots: id  2 | task 83 | prompt processing done, n_tokens = 86, batch.n_tokens = 2
slot print_timing: id  2 | task 83 | 
prompt eval time =      71.66 ms /     2 tokens (   35.83 ms per token,    27.91 tokens per second)
       eval time =      13.11 ms /     2 tokens (    6.56 ms per token,   152.54 tokens per second)
      total time =      84.77 ms /     4 tokens
slot      release: id  2 | task 83 | stop processing: n_tokens = 87, truncated = 0
srv  update_slots: all slots are idle
srv  log_server_r: done request: POST /completion 127.0.0.1 200
slot get_availabl: id  2 | task -1 | selected slot by LCP similarity, sim_best = 0.989 (> 0.100 thold), f_keep = 0.989
slot launch_slot_: id  2 | task -1 | sampler chain: logits -> top-k -> dist 
slot launch_slot_: id  2 | task 86 | processing task, is_child = 0
slot update_slots: id  2 | task 86 | new prompt, n_ctx_slot = 2048, n_keep = 0, task.n_tokens = 87
slot update_slots: id  2 | task 86 | n_tokens = 86, memory_seq_rm [86, end)
slot init_sampler: id  2 | task 86 | init sampler, took 0.01 ms, tokens: text = 87, total = 87
slot update_slots: id  2 | task 86 | prompt processing done, n_tokens = 87, batch.n_tokens = 1
slot print_timing: id  2 | task 86 | 
prompt eval time =      11.23 ms /     1 tokens (   11.23 ms per token,    89.01 tokens per second)
       eval time =      12.44 ms /     2 tokens (    6.22 ms per token,   160.73 tokens per second)
      total time =      23.68 ms /     3 tokens
slot      release: id  2 | task 86 | stop processing: n_tokens = 88, truncated = 0
srv  update_slots: all slots are idle
srv  log_server_r: done request: POST /completion 127.0.0.1 200
slot get_availabl: id  2 | task -1 | selected slot by LCP similarity, sim_best = 0.989 (> 0.100 thold), f_keep = 1.000
slot launch_slot_: id  2 | task -1 | sampler chain: logits -> top-k -> dist 
slot launch_slot_: id  2 | task 89 | processing task, is_child = 0
slot update_slots: id  2 | task 89 | new prompt, n_ctx_slot = 2048, n_keep = 0, task.n_tokens = 89
slot update_slots: id  2 | task 89 | n_tokens = 88, memory_seq_rm [88, end)
slot init_sampler: id  2 | task 89 | init sampler, took 0.01 ms, tokens: text = 89, total = 89
slot update_slots: id  2 | task 89 | prompt processing done, n_tokens = 89, batch.n_tokens = 1
slot print_timing: id  2 | task 89 | 
prompt eval time =      10.74 ms /     1 tokens (   10.74 ms per token,    93.14 tokens per second)
       eval time =      10.50 ms /     2 tokens (    5.25 ms per token,   190.44 tokens per second)
      total time =      21.24 ms /     3 tokens
slot      release: id  2 | task 89 | stop processing: n_tokens = 90, truncated = 0
srv  update_slots: all slots are idle
srv  log_server_r: done request: POST /completion 127.0.0.1 200
slot get_availabl: id  2 | task -1 | selected slot by LCP similarity, sim_best = 0.978 (> 0.100 thold), f_keep = 1.000
slot launch_slot_: id  2 | task -1 | sampler chain: logits -> top-k -> dist 
slot launch_slot_: id  2 | task 92 | processing task, is_child = 0
slot update_slots: id  2 | task 92 | new prompt, n_ctx_slot = 2048, n_keep = 0, task.n_tokens = 92
slot update_slots: id  2 | task 92 | n_tokens = 90, memory_seq_rm [90, end)
slot init_sampler: id  2 | task 92 | init sampler, took 0.03 ms, tokens: text = 92, total = 92
slot update_slots: id  2 | task 92 | prompt processing done, n_tokens = 92, batch.n_tokens = 2
slot print_timing: id  2 | task 92 | 
prompt eval time =      73.68 ms /     2 tokens (   36.84 ms per token,    27.14 tokens per second)
       eval time =      11.20 ms /     2 tokens (    5.60 ms per token,   178.54 tokens per second)
      total time =      84.88 ms /     4 tokens
slot      release: id  2 | task 92 | stop processing: n_tokens = 93, truncated = 0
srv  update_slots: all slots are idle
srv  log_server_r: done request: POST /completion 127.0.0.1 200
slot get_availabl: id  2 | task -1 | selected slot by LCP similarity, sim_best = 0.989 (> 0.100 thold), f_keep = 1.000
slot launch_slot_: id  2 | task -1 | sampler chain: logits -> top-k -> dist 
slot launch_slot_: id  2 | task 95 | processing task, is_child = 0
slot update_slots: id  2 | task 95 | new prompt, n_ctx_slot = 2048, n_keep = 0, task.n_tokens = 94
slot update_slots: id  2 | task 95 | n_tokens = 93, memory_seq_rm [93, end)
slot init_sampler: id  2 | task 95 | init sampler, took 0.01 ms, tokens: text = 94, total = 94
slot update_slots: id  2 | task 95 | prompt processing done, n_tokens = 94, batch.n_tokens = 1
slot print_timing: id  2 | task 95 | 
prompt eval time =      11.78 ms /     1 tokens (   11.78 ms per token,    84.88 tokens per second)
       eval time =      10.52 ms /     2 tokens (    5.26 ms per token,   190.20 tokens per second)
      total time =      22.30 ms /     3 tokens
slot      release: id  2 | task 95 | stop processing: n_tokens = 95, truncated = 0
srv  update_slots: all slots are idle
srv  log_server_r: done request: POST /completion 127.0.0.1 200
slot get_availabl: id  2 | task -1 | selected slot by LCP similarity, sim_best = 0.979 (> 0.100 thold), f_keep = 1.000
slot launch_slot_: id  2 | task -1 | sampler chain: logits -> top-k -> dist 
slot launch_slot_: id  2 | task 98 | processing task, is_child = 0
slot update_slots: id  2 | task 98 | new prompt, n_ctx_slot = 2048, n_keep = 0, task.n_tokens = 97
slot update_slots: id  2 | task 98 | n_tokens = 95, memory_seq_rm [95, end)
slot init_sampler: id  2 | task 98 | init sampler, took 0.01 ms, tokens: text = 97, total = 97
slot update_slots: id  2 | task 98 | prompt processing done, n_tokens = 97, batch.n_tokens = 2
slot print_timing: id  2 | task 98 | 
prompt eval time =      74.54 ms /     2 tokens (   37.27 ms per token,    26.83 tokens per second)
       eval time =      11.47 ms /     2 tokens (    5.74 ms per token,   174.37 tokens per second)
      total time =      86.01 ms /     4 tokens
slot      release: id  2 | task 98 | stop processing: n_tokens = 98, truncated = 0
srv  update_slots: all slots are idle
srv  log_server_r: done request: POST /completion 127.0.0.1 200
slot get_availabl: id  2 | task -1 | selected slot by LCP similarity, sim_best = 0.980 (> 0.100 thold), f_keep = 1.000
slot launch_slot_: id  2 | task -1 | sampler chain: logits -> top-k -> dist 
slot launch_slot_: id  2 | task 101 | processing task, is_child = 0
slot update_slots: id  2 | task 101 | new prompt, n_ctx_slot = 2048, n_keep = 0, task.n_tokens = 100
slot update_slots: id  2 | task 101 | n_tokens = 98, memory_seq_rm [98, end)
slot init_sampler: id  2 | task 101 | init sampler, took 0.01 ms, tokens: text = 100, total = 100
slot update_slots: id  2 | task 101 | prompt processing done, n_tokens = 100, batch.n_tokens = 2
slot print_timing: id  2 | task 101 | 
prompt eval time =      71.86 ms /     2 tokens (   35.93 ms per token,    27.83 tokens per second)
       eval time =      13.99 ms /     2 tokens (    7.00 ms per token,   142.95 tokens per second)
      total time =      85.85 ms /     4 tokens
slot      release: id  2 | task 101 | stop processing: n_tokens = 101, truncated = 0
srv  update_slots: all slots are idle
srv  log_server_r: done request: POST /completion 127.0.0.1 200
slot get_availabl: id  2 | task -1 | selected slot by LCP similarity, sim_best = 0.990 (> 0.100 thold), f_keep = 0.990
slot launch_slot_: id  2 | task -1 | sampler chain: logits -> top-k -> dist 
slot launch_slot_: id  2 | task 104 | processing task, is_child = 0
slot update_slots: id  2 | task 104 | new prompt, n_ctx_slot = 2048, n_keep = 0, task.n_tokens = 101
slot update_slots: id  2 | task 104 | n_tokens = 100, memory_seq_rm [100, end)
slot init_sampler: id  2 | task 104 | init sampler, took 0.01 ms, tokens: text = 101, total = 101
slot update_slots: id  2 | task 104 | prompt processing done, n_tokens = 101, batch.n_tokens = 1
slot print_timing: id  2 | task 104 | 
prompt eval time =      11.59 ms /     1 tokens (   11.59 ms per token,    86.28 tokens per second)
       eval time =      10.47 ms /     2 tokens (    5.24 ms per token,   190.93 tokens per second)
      total time =      22.06 ms /     3 tokens
slot      release: id  2 | task 104 | stop processing: n_tokens = 102, truncated = 0
srv  update_slots: all slots are idle
srv  log_server_r: done request: POST /completion 127.0.0.1 200
slot get_availabl: id  2 | task -1 | selected slot by LCP similarity, sim_best = 0.990 (> 0.100 thold), f_keep = 1.000
slot launch_slot_: id  2 | task -1 | sampler chain: logits -> top-k -> dist 
slot launch_slot_: id  2 | task 107 | processing task, is_child = 0
slot update_slots: id  2 | task 107 | new prompt, n_ctx_slot = 2048, n_keep = 0, task.n_tokens = 103
slot update_slots: id  2 | task 107 | n_tokens = 102, memory_seq_rm [102, end)
slot init_sampler: id  2 | task 107 | init sampler, took 0.01 ms, tokens: text = 103, total = 103
slot update_slots: id  2 | task 107 | prompt processing done, n_tokens = 103, batch.n_tokens = 1
slot print_timing: id  2 | task 107 | 
prompt eval time =      10.85 ms /     1 tokens (   10.85 ms per token,    92.17 tokens per second)
       eval time =      11.01 ms /     2 tokens (    5.50 ms per token,   181.67 tokens per second)
      total time =      21.86 ms /     3 tokens
slot      release: id  2 | task 107 | stop processing: n_tokens = 104, truncated = 0
srv  update_slots: all slots are idle
srv  log_server_r: done request: POST /completion 127.0.0.1 200
slot get_availabl: id  2 | task -1 | selected slot by LCP similarity, sim_best = 0.981 (> 0.100 thold), f_keep = 1.000
slot launch_slot_: id  2 | task -1 | sampler chain: logits -> top-k -> dist 
slot launch_slot_: id  2 | task 110 | processing task, is_child = 0
slot update_slots: id  2 | task 110 | new prompt, n_ctx_slot = 2048, n_keep = 0, task.n_tokens = 106
slot update_slots: id  2 | task 110 | n_tokens = 104, memory_seq_rm [104, end)
slot init_sampler: id  2 | task 110 | init sampler, took 0.01 ms, tokens: text = 106, total = 106
slot update_slots: id  2 | task 110 | prompt processing done, n_tokens = 106, batch.n_tokens = 2
slot print_timing: id  2 | task 110 | 
prompt eval time =      72.24 ms /     2 tokens (   36.12 ms per token,    27.69 tokens per second)
       eval time =      11.35 ms /     2 tokens (    5.68 ms per token,   176.18 tokens per second)
      total time =      83.59 ms /     4 tokens
slot      release: id  2 | task 110 | stop processing: n_tokens = 107, truncated = 0
srv  update_slots: all slots are idle
srv  log_server_r: done request: POST /completion 127.0.0.1 200
slot get_availabl: id  2 | task -1 | selected slot by LCP similarity, sim_best = 0.991 (> 0.100 thold), f_keep = 1.000
slot launch_slot_: id  2 | task -1 | sampler chain: logits -> top-k -> dist 
slot launch_slot_: id  2 | task 113 | processing task, is_child = 0
slot update_slots: id  2 | task 113 | new prompt, n_ctx_slot = 2048, n_keep = 0, task.n_tokens = 108
slot update_slots: id  2 | task 113 | n_tokens = 107, memory_seq_rm [107, end)
slot init_sampler: id  2 | task 113 | init sampler, took 0.01 ms, tokens: text = 108, total = 108
slot update_slots: id  2 | task 113 | prompt processing done, n_tokens = 108, batch.n_tokens = 1
slot print_timing: id  2 | task 113 | 
prompt eval time =      10.98 ms /     1 tokens (   10.98 ms per token,    91.09 tokens per second)
       eval time =      11.24 ms /     2 tokens (    5.62 ms per token,   177.98 tokens per second)
      total time =      22.21 ms /     3 tokens
slot      release: id  2 | task 113 | stop processing: n_tokens = 109, truncated = 0
srv  update_slots: all slots are idle
srv  log_server_r: done request: POST /completion 127.0.0.1 200
slot get_availabl: id  2 | task -1 | selected slot by LCP similarity, sim_best = 0.982 (> 0.100 thold), f_keep = 1.000
slot launch_slot_: id  2 | task -1 | sampler chain: logits -> top-k -> dist 
slot launch_slot_: id  2 | task 116 | processing task, is_child = 0
slot update_slots: id  2 | task 116 | new prompt, n_ctx_slot = 2048, n_keep = 0, task.n_tokens = 111
slot update_slots: id  2 | task 116 | n_tokens = 109, memory_seq_rm [109, end)
slot init_sampler: id  2 | task 116 | init sampler, took 0.01 ms, tokens: text = 111, total = 111
slot update_slots: id  2 | task 116 | prompt processing done, n_tokens = 111, batch.n_tokens = 2
slot print_timing: id  2 | task 116 | 
prompt eval time =      74.62 ms /     2 tokens (   37.31 ms per token,    26.80 tokens per second)
       eval time =      11.50 ms /     2 tokens (    5.75 ms per token,   173.93 tokens per second)
      total time =      86.11 ms /     4 tokens
slot      release: id  2 | task 116 | stop processing: n_tokens = 112, truncated = 0
srv  update_slots: all slots are idle
srv  log_server_r: done request: POST /completion 127.0.0.1 200
slot get_availabl: id  2 | task -1 | selected slot by LCP similarity, sim_best = 0.982 (> 0.100 thold), f_keep = 1.000
slot launch_slot_: id  2 | task -1 | sampler chain: logits -> top-k -> dist 
slot launch_slot_: id  2 | task 119 | processing task, is_child = 0
slot update_slots: id  2 | task 119 | new prompt, n_ctx_slot = 2048, n_keep = 0, task.n_tokens = 114
slot update_slots: id  2 | task 119 | n_tokens = 112, memory_seq_rm [112, end)
slot init_sampler: id  2 | task 119 | init sampler, took 0.03 ms, tokens: text = 114, total = 114
slot update_slots: id  2 | task 119 | prompt processing done, n_tokens = 114, batch.n_tokens = 2
slot print_timing: id  2 | task 119 | 
prompt eval time =      72.13 ms /     2 tokens (   36.07 ms per token,    27.73 tokens per second)
       eval time =      11.30 ms /     2 tokens (    5.65 ms per token,   177.01 tokens per second)
      total time =      83.43 ms /     4 tokens
slot      release: id  2 | task 119 | stop processing: n_tokens = 115, truncated = 0
srv  update_slots: all slots are idle
srv  log_server_r: done request: POST /completion 127.0.0.1 200
slot get_availabl: id  2 | task -1 | selected slot by LCP similarity, sim_best = 0.983 (> 0.100 thold), f_keep = 1.000
slot launch_slot_: id  2 | task -1 | sampler chain: logits -> top-k -> dist 
slot launch_slot_: id  2 | task 122 | processing task, is_child = 0
slot update_slots: id  2 | task 122 | new prompt, n_ctx_slot = 2048, n_keep = 0, task.n_tokens = 117
slot update_slots: id  2 | task 122 | n_tokens = 115, memory_seq_rm [115, end)
slot init_sampler: id  2 | task 122 | init sampler, took 0.01 ms, tokens: text = 117, total = 117
slot update_slots: id  2 | task 122 | prompt processing done, n_tokens = 117, batch.n_tokens = 2
slot print_timing: id  2 | task 122 | 
prompt eval time =      74.16 ms /     2 tokens (   37.08 ms per token,    26.97 tokens per second)
       eval time =      12.59 ms /     2 tokens (    6.29 ms per token,   158.87 tokens per second)
      total time =      86.75 ms /     4 tokens
slot      release: id  2 | task 122 | stop processing: n_tokens = 118, truncated = 0
srv  update_slots: all slots are idle
srv  log_server_r: done request: POST /completion 127.0.0.1 200
slot get_availabl: id  2 | task -1 | selected slot by LCP similarity, sim_best = 0.983 (> 0.100 thold), f_keep = 1.000
slot launch_slot_: id  2 | task -1 | sampler chain: logits -> top-k -> dist 
slot launch_slot_: id  2 | task 125 | processing task, is_child = 0
slot update_slots: id  2 | task 125 | new prompt, n_ctx_slot = 2048, n_keep = 0, task.n_tokens = 120
slot update_slots: id  2 | task 125 | n_tokens = 118, memory_seq_rm [118, end)
slot init_sampler: id  2 | task 125 | init sampler, took 0.02 ms, tokens: text = 120, total = 120
slot update_slots: id  2 | task 125 | prompt processing done, n_tokens = 120, batch.n_tokens = 2
slot print_timing: id  2 | task 125 | 
prompt eval time =      74.80 ms /     2 tokens (   37.40 ms per token,    26.74 tokens per second)
       eval time =      11.37 ms /     2 tokens (    5.68 ms per token,   175.90 tokens per second)
      total time =      86.17 ms /     4 tokens
slot      release: id  2 | task 125 | stop processing: n_tokens = 121, truncated = 0
srv  update_slots: all slots are idle
srv  log_server_r: done request: POST /completion 127.0.0.1 200
slot get_availabl: id  2 | task -1 | selected slot by LCP similarity, sim_best = 0.984 (> 0.100 thold), f_keep = 1.000
slot launch_slot_: id  2 | task -1 | sampler chain: logits -> top-k -> dist 
slot launch_slot_: id  2 | task 128 | processing task, is_child = 0
slot update_slots: id  2 | task 128 | new prompt, n_ctx_slot = 2048, n_keep = 0, task.n_tokens = 123
slot update_slots: id  2 | task 128 | n_tokens = 121, memory_seq_rm [121, end)
slot init_sampler: id  2 | task 128 | init sampler, took 0.01 ms, tokens: text = 123, total = 123
slot update_slots: id  2 | task 128 | prompt processing done, n_tokens = 123, batch.n_tokens = 2
slot print_timing: id  2 | task 128 | 
prompt eval time =      74.42 ms /     2 tokens (   37.21 ms per token,    26.87 tokens per second)
       eval time =      11.19 ms /     2 tokens (    5.60 ms per token,   178.67 tokens per second)
      total time =      85.61 ms /     4 tokens
slot      release: id  2 | task 128 | stop processing: n_tokens = 124, truncated = 0
srv  update_slots: all slots are idle
srv  log_server_r: done request: POST /completion 127.0.0.1 200
slot get_availabl: id  2 | task -1 | selected slot by LCP similarity, sim_best = 0.984 (> 0.100 thold), f_keep = 1.000
slot launch_slot_: id  2 | task -1 | sampler chain: logits -> top-k -> dist 
slot launch_slot_: id  2 | task 131 | processing task, is_child = 0
slot update_slots: id  2 | task 131 | new prompt, n_ctx_slot = 2048, n_keep = 0, task.n_tokens = 126
slot update_slots: id  2 | task 131 | n_tokens = 124, memory_seq_rm [124, end)
slot init_sampler: id  2 | task 131 | init sampler, took 0.01 ms, tokens: text = 126, total = 126
slot update_slots: id  2 | task 131 | prompt processing done, n_tokens = 126, batch.n_tokens = 2
slot print_timing: id  2 | task 131 | 
prompt eval time =      74.25 ms /     2 tokens (   37.12 ms per token,    26.94 tokens per second)
       eval time =      18.58 ms /     2 tokens (    9.29 ms per token,   107.63 tokens per second)
      total time =      92.83 ms /     4 tokens
slot      release: id  2 | task 131 | stop processing: n_tokens = 127, truncated = 0
srv  update_slots: all slots are idle
srv  log_server_r: done request: POST /completion 127.0.0.1 200
slot get_availabl: id  2 | task -1 | selected slot by LCP similarity, sim_best = 0.984 (> 0.100 thold), f_keep = 1.000
slot launch_slot_: id  2 | task -1 | sampler chain: logits -> top-k -> dist 
slot launch_slot_: id  2 | task 134 | processing task, is_child = 0
slot update_slots: id  2 | task 134 | new prompt, n_ctx_slot = 2048, n_keep = 0, task.n_tokens = 129
slot update_slots: id  2 | task 134 | n_tokens = 127, memory_seq_rm [127, end)
slot init_sampler: id  2 | task 134 | init sampler, took 0.04 ms, tokens: text = 129, total = 129
slot update_slots: id  2 | task 134 | prompt processing done, n_tokens = 129, batch.n_tokens = 2
slot print_timing: id  2 | task 134 | 
prompt eval time =      75.67 ms /     2 tokens (   37.84 ms per token,    26.43 tokens per second)
       eval time =      11.04 ms /     2 tokens (    5.52 ms per token,   181.19 tokens per second)
      total time =      86.71 ms /     4 tokens
slot      release: id  2 | task 134 | stop processing: n_tokens = 130, truncated = 0
srv  update_slots: all slots are idle
srv  log_server_r: done request: POST /completion 127.0.0.1 200
slot get_availabl: id  2 | task -1 | selected slot by LCP similarity, sim_best = 0.985 (> 0.100 thold), f_keep = 1.000
slot launch_slot_: id  2 | task -1 | sampler chain: logits -> top-k -> dist 
slot launch_slot_: id  2 | task 137 | processing task, is_child = 0
slot update_slots: id  2 | task 137 | new prompt, n_ctx_slot = 2048, n_keep = 0, task.n_tokens = 132
slot update_slots: id  2 | task 137 | n_tokens = 130, memory_seq_rm [130, end)
slot init_sampler: id  2 | task 137 | init sampler, took 0.02 ms, tokens: text = 132, total = 132
slot update_slots: id  2 | task 137 | prompt processing done, n_tokens = 132, batch.n_tokens = 2
slot print_timing: id  2 | task 137 | 
prompt eval time =      72.40 ms /     2 tokens (   36.20 ms per token,    27.62 tokens per second)
       eval time =      10.88 ms /     2 tokens (    5.44 ms per token,   183.87 tokens per second)
      total time =      83.28 ms /     4 tokens
slot      release: id  2 | task 137 | stop processing: n_tokens = 133, truncated = 0
srv  update_slots: all slots are idle
srv  log_server_r: done request: POST /completion 127.0.0.1 200
slot get_availabl: id  2 | task -1 | selected slot by LCP similarity, sim_best = 0.985 (> 0.100 thold), f_keep = 1.000
slot launch_slot_: id  2 | task -1 | sampler chain: logits -> top-k -> dist 
slot launch_slot_: id  2 | task 140 | processing task, is_child = 0
slot update_slots: id  2 | task 140 | new prompt, n_ctx_slot = 2048, n_keep = 0, task.n_tokens = 135
slot update_slots: id  2 | task 140 | n_tokens = 133, memory_seq_rm [133, end)
slot init_sampler: id  2 | task 140 | init sampler, took 0.02 ms, tokens: text = 135, total = 135
slot update_slots: id  2 | task 140 | prompt processing done, n_tokens = 135, batch.n_tokens = 2
slot print_timing: id  2 | task 140 | 
prompt eval time =      73.78 ms /     2 tokens (   36.89 ms per token,    27.11 tokens per second)
       eval time =      11.46 ms /     2 tokens (    5.73 ms per token,   174.55 tokens per second)
      total time =      85.24 ms /     4 tokens
slot      release: id  2 | task 140 | stop processing: n_tokens = 136, truncated = 0
srv  update_slots: all slots are idle
srv  log_server_r: done request: POST /completion 127.0.0.1 200
slot get_availabl: id  2 | task -1 | selected slot by LCP similarity, sim_best = 0.986 (> 0.100 thold), f_keep = 1.000
slot launch_slot_: id  2 | task -1 | sampler chain: logits -> top-k -> dist 
slot launch_slot_: id  2 | task 143 | processing task, is_child = 0
slot update_slots: id  2 | task 143 | new prompt, n_ctx_slot = 2048, n_keep = 0, task.n_tokens = 138
slot update_slots: id  2 | task 143 | n_tokens = 136, memory_seq_rm [136, end)
slot init_sampler: id  2 | task 143 | init sampler, took 0.02 ms, tokens: text = 138, total = 138
slot update_slots: id  2 | task 143 | prompt processing done, n_tokens = 138, batch.n_tokens = 2
slot print_timing: id  2 | task 143 | 
prompt eval time =      73.64 ms /     2 tokens (   36.82 ms per token,    27.16 tokens per second)
       eval time =      10.78 ms /     2 tokens (    5.39 ms per token,   185.60 tokens per second)
      total time =      84.42 ms /     4 tokens
slot      release: id  2 | task 143 | stop processing: n_tokens = 139, truncated = 0
srv  update_slots: all slots are idle
srv  log_server_r: done request: POST /completion 127.0.0.1 200
slot get_availabl: id  2 | task -1 | selected slot by LCP similarity, sim_best = 0.986 (> 0.100 thold), f_keep = 1.000
slot launch_slot_: id  2 | task -1 | sampler chain: logits -> top-k -> dist 
slot launch_slot_: id  2 | task 146 | processing task, is_child = 0
slot update_slots: id  2 | task 146 | new prompt, n_ctx_slot = 2048, n_keep = 0, task.n_tokens = 141
slot update_slots: id  2 | task 146 | n_tokens = 139, memory_seq_rm [139, end)
slot init_sampler: id  2 | task 146 | init sampler, took 0.02 ms, tokens: text = 141, total = 141
slot update_slots: id  2 | task 146 | prompt processing done, n_tokens = 141, batch.n_tokens = 2
slot print_timing: id  2 | task 146 | 
prompt eval time =      72.30 ms /     2 tokens (   36.15 ms per token,    27.66 tokens per second)
       eval time =      10.75 ms /     2 tokens (    5.38 ms per token,   185.99 tokens per second)
      total time =      83.05 ms /     4 tokens
slot      release: id  2 | task 146 | stop processing: n_tokens = 142, truncated = 0
srv  update_slots: all slots are idle
srv  log_server_r: done request: POST /completion 127.0.0.1 200
slot get_availabl: id  2 | task -1 | selected slot by LCP similarity, sim_best = 0.986 (> 0.100 thold), f_keep = 1.000
slot launch_slot_: id  2 | task -1 | sampler chain: logits -> top-k -> dist 
slot launch_slot_: id  2 | task 149 | processing task, is_child = 0
slot update_slots: id  2 | task 149 | new prompt, n_ctx_slot = 2048, n_keep = 0, task.n_tokens = 144
slot update_slots: id  2 | task 149 | n_tokens = 142, memory_seq_rm [142, end)
slot init_sampler: id  2 | task 149 | init sampler, took 0.04 ms, tokens: text = 144, total = 144
slot update_slots: id  2 | task 149 | prompt processing done, n_tokens = 144, batch.n_tokens = 2
slot print_timing: id  2 | task 149 | 
prompt eval time =      75.52 ms /     2 tokens (   37.76 ms per token,    26.48 tokens per second)
       eval time =      11.34 ms /     2 tokens (    5.67 ms per token,   176.44 tokens per second)
      total time =      86.86 ms /     4 tokens
slot      release: id  2 | task 149 | stop processing: n_tokens = 145, truncated = 0
srv  update_slots: all slots are idle
srv  log_server_r: done request: POST /completion 127.0.0.1 200
slot get_availabl: id  2 | task -1 | selected slot by LCP similarity, sim_best = 0.986 (> 0.100 thold), f_keep = 1.000
slot launch_slot_: id  2 | task -1 | sampler chain: logits -> top-k -> dist 
slot launch_slot_: id  2 | task 152 | processing task, is_child = 0
slot update_slots: id  2 | task 152 | new prompt, n_ctx_slot = 2048, n_keep = 0, task.n_tokens = 147
slot update_slots: id  2 | task 152 | n_tokens = 145, memory_seq_rm [145, end)
slot init_sampler: id  2 | task 152 | init sampler, took 0.02 ms, tokens: text = 147, total = 147
slot update_slots: id  2 | task 152 | prompt processing done, n_tokens = 147, batch.n_tokens = 2
slot print_timing: id  2 | task 152 | 
prompt eval time =      74.21 ms /     2 tokens (   37.10 ms per token,    26.95 tokens per second)
       eval time =      22.40 ms /     2 tokens (   11.20 ms per token,    89.28 tokens per second)
      total time =      96.61 ms /     4 tokens
slot      release: id  2 | task 152 | stop processing: n_tokens = 148, truncated = 0
srv  update_slots: all slots are idle
srv  log_server_r: done request: POST /completion 127.0.0.1 200
slot get_availabl: id  2 | task -1 | selected slot by LCP similarity, sim_best = 0.987 (> 0.100 thold), f_keep = 1.000
slot launch_slot_: id  2 | task -1 | sampler chain: logits -> top-k -> dist 
slot launch_slot_: id  2 | task 155 | processing task, is_child = 0
slot update_slots: id  2 | task 155 | new prompt, n_ctx_slot = 2048, n_keep = 0, task.n_tokens = 150
slot update_slots: id  2 | task 155 | n_tokens = 148, memory_seq_rm [148, end)
slot init_sampler: id  2 | task 155 | init sampler, took 0.02 ms, tokens: text = 150, total = 150
slot update_slots: id  2 | task 155 | prompt processing done, n_tokens = 150, batch.n_tokens = 2
slot print_timing: id  2 | task 155 | 
prompt eval time =      71.26 ms /     2 tokens (   35.63 ms per token,    28.07 tokens per second)
       eval time =      11.19 ms /     2 tokens (    5.59 ms per token,   178.79 tokens per second)
      total time =      82.44 ms /     4 tokens
slot      release: id  2 | task 155 | stop processing: n_tokens = 151, truncated = 0
srv  update_slots: all slots are idle
srv  log_server_r: done request: POST /completion 127.0.0.1 200
slot get_availabl: id  2 | task -1 | selected slot by LCP similarity, sim_best = 0.987 (> 0.100 thold), f_keep = 1.000
slot launch_slot_: id  2 | task -1 | sampler chain: logits -> top-k -> dist 
slot launch_slot_: id  2 | task 158 | processing task, is_child = 0
slot update_slots: id  2 | task 158 | new prompt, n_ctx_slot = 2048, n_keep = 0, task.n_tokens = 153
slot update_slots: id  2 | task 158 | n_tokens = 151, memory_seq_rm [151, end)
slot init_sampler: id  2 | task 158 | init sampler, took 0.02 ms, tokens: text = 153, total = 153
slot update_slots: id  2 | task 158 | prompt processing done, n_tokens = 153, batch.n_tokens = 2
slot print_timing: id  2 | task 158 | 
prompt eval time =      71.27 ms /     2 tokens (   35.64 ms per token,    28.06 tokens per second)
       eval time =      11.20 ms /     2 tokens (    5.60 ms per token,   178.54 tokens per second)
      total time =      82.47 ms /     4 tokens
slot      release: id  2 | task 158 | stop processing: n_tokens = 154, truncated = 0
srv  update_slots: all slots are idle
srv  log_server_r: done request: POST /completion 127.0.0.1 200
slot get_availabl: id  2 | task -1 | selected slot by LCP similarity, sim_best = 0.987 (> 0.100 thold), f_keep = 1.000
slot launch_slot_: id  2 | task -1 | sampler chain: logits -> top-k -> dist 
slot launch_slot_: id  2 | task 161 | processing task, is_child = 0
slot update_slots: id  2 | task 161 | new prompt, n_ctx_slot = 2048, n_keep = 0, task.n_tokens = 156
slot update_slots: id  2 | task 161 | n_tokens = 154, memory_seq_rm [154, end)
slot init_sampler: id  2 | task 161 | init sampler, took 0.02 ms, tokens: text = 156, total = 156
slot update_slots: id  2 | task 161 | prompt processing done, n_tokens = 156, batch.n_tokens = 2
slot print_timing: id  2 | task 161 | 
prompt eval time =      74.50 ms /     2 tokens (   37.25 ms per token,    26.84 tokens per second)
       eval time =      10.70 ms /     2 tokens (    5.35 ms per token,   186.86 tokens per second)
      total time =      85.21 ms /     4 tokens
slot      release: id  2 | task 161 | stop processing: n_tokens = 157, truncated = 0
srv  update_slots: all slots are idle
srv  log_server_r: done request: POST /completion 127.0.0.1 200
slot get_availabl: id  2 | task -1 | selected slot by LCP similarity, sim_best = 0.987 (> 0.100 thold), f_keep = 1.000
slot launch_slot_: id  2 | task -1 | sampler chain: logits -> top-k -> dist 
slot launch_slot_: id  2 | task 164 | processing task, is_child = 0
slot update_slots: id  2 | task 164 | new prompt, n_ctx_slot = 2048, n_keep = 0, task.n_tokens = 159
slot update_slots: id  2 | task 164 | n_tokens = 157, memory_seq_rm [157, end)
slot init_sampler: id  2 | task 164 | init sampler, took 0.02 ms, tokens: text = 159, total = 159
slot update_slots: id  2 | task 164 | prompt processing done, n_tokens = 159, batch.n_tokens = 2
slot print_timing: id  2 | task 164 | 
prompt eval time =      71.36 ms /     2 tokens (   35.68 ms per token,    28.03 tokens per second)
       eval time =      11.15 ms /     2 tokens (    5.58 ms per token,   179.36 tokens per second)
      total time =      82.51 ms /     4 tokens
slot      release: id  2 | task 164 | stop processing: n_tokens = 160, truncated = 0
srv  update_slots: all slots are idle
srv  log_server_r: done request: POST /completion 127.0.0.1 200
slot get_availabl: id  2 | task -1 | selected slot by LCP similarity, sim_best = 1.000 (> 0.100 thold), f_keep = 0.206
srv  get_availabl: updating prompt cache
srv   prompt_save:  - saving prompt with length 160, total state size = 17.502 MiB (draft: 0.000 MiB)
srv          load:  - looking for better prompt, base f_keep = 0.206, sim = 1.000
srv        update:  - cache state: 2 prompts, 18.269 MiB (limits: 8192.000 MiB, 2048 tokens, 74885 est)
srv        update:    - prompt 000000800B0F5190:       7 tokens, checkpoints:  0,     0.766 MiB
srv        update:    - prompt 000000800B0FAA10:     160 tokens, checkpoints:  0,    17.502 MiB
srv  get_availabl: prompt cache update took 1.34 ms
slot launch_slot_: id  2 | task -1 | sampler chain: logits -> top-k -> dist 
slot launch_slot_: id  2 | task 167 | processing task, is_child = 0
slot update_slots: id  2 | task 167 | new prompt, n_ctx_slot = 2048, n_keep = 0, task.n_tokens = 33
slot update_slots: id  2 | task 167 | need to evaluate at least 1 token for each active slot (n_past = 33, task.n_tokens() = 33)
slot update_slots: id  2 | task 167 | n_past was set to 32
slot update_slots: id  2 | task 167 | n_tokens = 32, memory_seq_rm [32, end)
slot init_sampler: id  2 | task 167 | init sampler, took 0.01 ms, tokens: text = 33, total = 33
slot update_slots: id  2 | task 167 | prompt processing done, n_tokens = 33, batch.n_tokens = 1
slot print_timing: id  2 | task 167 | 
prompt eval time =      11.77 ms /     1 tokens (   11.77 ms per token,    85.00 tokens per second)
       eval time =      32.14 ms /     4 tokens (    8.03 ms per token,   124.46 tokens per second)
      total time =      43.90 ms /     5 tokens
slot      release: id  2 | task 167 | stop processing: n_tokens = 36, truncated = 0
srv  update_slots: all slots are idle
srv  log_server_r: done request: POST /completion 127.0.0.1 200
slot get_availabl: id  2 | task -1 | selected slot by LCP similarity, sim_best = 0.971 (> 0.100 thold), f_keep = 0.944
slot launch_slot_: id  2 | task -1 | sampler chain: logits -> top-k -> dist 
slot launch_slot_: id  2 | task 172 | processing task, is_child = 0
slot update_slots: id  2 | task 172 | new prompt, n_ctx_slot = 2048, n_keep = 0, task.n_tokens = 35
slot update_slots: id  2 | task 172 | n_tokens = 34, memory_seq_rm [34, end)
slot init_sampler: id  2 | task 172 | init sampler, took 0.01 ms, tokens: text = 35, total = 35
slot update_slots: id  2 | task 172 | prompt processing done, n_tokens = 35, batch.n_tokens = 1
slot print_timing: id  2 | task 172 | 
prompt eval time =      10.91 ms /     1 tokens (   10.91 ms per token,    91.63 tokens per second)
       eval time =      31.23 ms /     4 tokens (    7.81 ms per token,   128.09 tokens per second)
      total time =      42.14 ms /     5 tokens
slot      release: id  2 | task 172 | stop processing: n_tokens = 38, truncated = 0
srv  update_slots: all slots are idle
srv  log_server_r: done request: POST /completion 127.0.0.1 200
slot get_availabl: id  2 | task -1 | selected slot by LCP similarity, sim_best = 0.974 (> 0.100 thold), f_keep = 1.000
slot launch_slot_: id  2 | task -1 | sampler chain: logits -> top-k -> dist 
slot launch_slot_: id  2 | task 177 | processing task, is_child = 0
slot update_slots: id  2 | task 177 | new prompt, n_ctx_slot = 2048, n_keep = 0, task.n_tokens = 39
slot update_slots: id  2 | task 177 | n_tokens = 38, memory_seq_rm [38, end)
slot init_sampler: id  2 | task 177 | init sampler, took 0.01 ms, tokens: text = 39, total = 39
slot update_slots: id  2 | task 177 | prompt processing done, n_tokens = 39, batch.n_tokens = 1
slot print_timing: id  2 | task 177 | 
prompt eval time =      10.96 ms /     1 tokens (   10.96 ms per token,    91.22 tokens per second)
       eval time =      33.20 ms /     4 tokens (    8.30 ms per token,   120.49 tokens per second)
      total time =      44.16 ms /     5 tokens
slot      release: id  2 | task 177 | stop processing: n_tokens = 42, truncated = 0
srv  update_slots: all slots are idle
srv  log_server_r: done request: POST /completion 127.0.0.1 200
slot get_availabl: id  2 | task -1 | selected slot by LCP similarity, sim_best = 0.975 (> 0.100 thold), f_keep = 0.929
slot launch_slot_: id  2 | task -1 | sampler chain: logits -> top-k -> dist 
slot launch_slot_: id  2 | task 182 | processing task, is_child = 0
slot update_slots: id  2 | task 182 | new prompt, n_ctx_slot = 2048, n_keep = 0, task.n_tokens = 40
slot update_slots: id  2 | task 182 | n_tokens = 39, memory_seq_rm [39, end)
slot init_sampler: id  2 | task 182 | init sampler, took 0.01 ms, tokens: text = 40, total = 40
slot update_slots: id  2 | task 182 | prompt processing done, n_tokens = 40, batch.n_tokens = 1
slot print_timing: id  2 | task 182 | 
prompt eval time =      11.06 ms /     1 tokens (   11.06 ms per token,    90.38 tokens per second)
       eval time =      31.22 ms /     4 tokens (    7.80 ms per token,   128.12 tokens per second)
      total time =      42.28 ms /     5 tokens
slot      release: id  2 | task 182 | stop processing: n_tokens = 43, truncated = 0
srv  update_slots: all slots are idle
srv  log_server_r: done request: POST /completion 127.0.0.1 200
slot get_availabl: id  2 | task -1 | selected slot by LCP similarity, sim_best = 0.976 (> 0.100 thold), f_keep = 0.953
slot launch_slot_: id  2 | task -1 | sampler chain: logits -> top-k -> dist 
slot launch_slot_: id  2 | task 187 | processing task, is_child = 0
slot update_slots: id  2 | task 187 | new prompt, n_ctx_slot = 2048, n_keep = 0, task.n_tokens = 42
slot update_slots: id  2 | task 187 | n_tokens = 41, memory_seq_rm [41, end)
slot init_sampler: id  2 | task 187 | init sampler, took 0.01 ms, tokens: text = 42, total = 42
slot update_slots: id  2 | task 187 | prompt processing done, n_tokens = 42, batch.n_tokens = 1
slot print_timing: id  2 | task 187 | 
prompt eval time =      11.94 ms /     1 tokens (   11.94 ms per token,    83.74 tokens per second)
       eval time =      31.38 ms /     4 tokens (    7.84 ms per token,   127.47 tokens per second)
      total time =      43.32 ms /     5 tokens
slot      release: id  2 | task 187 | stop processing: n_tokens = 45, truncated = 0
srv  update_slots: all slots are idle
srv  log_server_r: done request: POST /completion 127.0.0.1 200
slot get_availabl: id  2 | task -1 | selected slot by LCP similarity, sim_best = 0.977 (> 0.100 thold), f_keep = 0.933
slot launch_slot_: id  2 | task -1 | sampler chain: logits -> top-k -> dist 
slot launch_slot_: id  2 | task 192 | processing task, is_child = 0
slot update_slots: id  2 | task 192 | new prompt, n_ctx_slot = 2048, n_keep = 0, task.n_tokens = 43
slot update_slots: id  2 | task 192 | n_tokens = 42, memory_seq_rm [42, end)
slot init_sampler: id  2 | task 192 | init sampler, took 0.01 ms, tokens: text = 43, total = 43
slot update_slots: id  2 | task 192 | prompt processing done, n_tokens = 43, batch.n_tokens = 1
slot print_timing: id  2 | task 192 | 
prompt eval time =      10.86 ms /     1 tokens (   10.86 ms per token,    92.06 tokens per second)
       eval time =      31.62 ms /     4 tokens (    7.91 ms per token,   126.50 tokens per second)
      total time =      42.48 ms /     5 tokens
slot      release: id  2 | task 192 | stop processing: n_tokens = 46, truncated = 0
srv  update_slots: all slots are idle
srv  log_server_r: done request: POST /completion 127.0.0.1 200
slot get_availabl: id  2 | task -1 | selected slot by LCP similarity, sim_best = 0.978 (> 0.100 thold), f_keep = 0.978
slot launch_slot_: id  2 | task -1 | sampler chain: logits -> top-k -> dist 
slot launch_slot_: id  2 | task 197 | processing task, is_child = 0
slot update_slots: id  2 | task 197 | new prompt, n_ctx_slot = 2048, n_keep = 0, task.n_tokens = 46
slot update_slots: id  2 | task 197 | n_tokens = 45, memory_seq_rm [45, end)
slot init_sampler: id  2 | task 197 | init sampler, took 0.01 ms, tokens: text = 46, total = 46
slot update_slots: id  2 | task 197 | prompt processing done, n_tokens = 46, batch.n_tokens = 1
slot print_timing: id  2 | task 197 | 
prompt eval time =      11.15 ms /     1 tokens (   11.15 ms per token,    89.70 tokens per second)
       eval time =      32.17 ms /     4 tokens (    8.04 ms per token,   124.32 tokens per second)
      total time =      43.32 ms /     5 tokens
slot      release: id  2 | task 197 | stop processing: n_tokens = 49, truncated = 0
srv  update_slots: all slots are idle
srv  log_server_r: done request: POST /completion 127.0.0.1 200
slot get_availabl: id  2 | task -1 | selected slot by LCP similarity, sim_best = 0.979 (> 0.100 thold), f_keep = 0.939
slot launch_slot_: id  2 | task -1 | sampler chain: logits -> top-k -> dist 
slot launch_slot_: id  2 | task 202 | processing task, is_child = 0
slot update_slots: id  2 | task 202 | new prompt, n_ctx_slot = 2048, n_keep = 0, task.n_tokens = 47
slot update_slots: id  2 | task 202 | n_tokens = 46, memory_seq_rm [46, end)
slot init_sampler: id  2 | task 202 | init sampler, took 0.01 ms, tokens: text = 47, total = 47
slot update_slots: id  2 | task 202 | prompt processing done, n_tokens = 47, batch.n_tokens = 1
slot print_timing: id  2 | task 202 | 
prompt eval time =      10.94 ms /     1 tokens (   10.94 ms per token,    91.45 tokens per second)
       eval time =      31.43 ms /     4 tokens (    7.86 ms per token,   127.25 tokens per second)
      total time =      42.37 ms /     5 tokens
slot      release: id  2 | task 202 | stop processing: n_tokens = 50, truncated = 0
srv  update_slots: all slots are idle
srv  log_server_r: done request: POST /completion 127.0.0.1 200
slot get_availabl: id  2 | task -1 | selected slot by LCP similarity, sim_best = 0.980 (> 0.100 thold), f_keep = 0.960
slot launch_slot_: id  2 | task -1 | sampler chain: logits -> top-k -> dist 
slot launch_slot_: id  2 | task 207 | processing task, is_child = 0
slot update_slots: id  2 | task 207 | new prompt, n_ctx_slot = 2048, n_keep = 0, task.n_tokens = 49
slot update_slots: id  2 | task 207 | n_tokens = 48, memory_seq_rm [48, end)
slot init_sampler: id  2 | task 207 | init sampler, took 0.01 ms, tokens: text = 49, total = 49
slot update_slots: id  2 | task 207 | prompt processing done, n_tokens = 49, batch.n_tokens = 1
slot print_timing: id  2 | task 207 | 
prompt eval time =      11.59 ms /     1 tokens (   11.59 ms per token,    86.28 tokens per second)
       eval time =      31.28 ms /     4 tokens (    7.82 ms per token,   127.86 tokens per second)
      total time =      42.87 ms /     5 tokens
slot      release: id  2 | task 207 | stop processing: n_tokens = 52, truncated = 0
srv  update_slots: all slots are idle
srv  log_server_r: done request: POST /completion 127.0.0.1 200
slot get_availabl: id  2 | task -1 | selected slot by LCP similarity, sim_best = 0.980 (> 0.100 thold), f_keep = 0.962
slot launch_slot_: id  2 | task -1 | sampler chain: logits -> top-k -> dist 
slot launch_slot_: id  2 | task 212 | processing task, is_child = 0
slot update_slots: id  2 | task 212 | new prompt, n_ctx_slot = 2048, n_keep = 0, task.n_tokens = 51
slot update_slots: id  2 | task 212 | n_tokens = 50, memory_seq_rm [50, end)
slot init_sampler: id  2 | task 212 | init sampler, took 0.01 ms, tokens: text = 51, total = 51
slot update_slots: id  2 | task 212 | prompt processing done, n_tokens = 51, batch.n_tokens = 1
slot print_timing: id  2 | task 212 | 
prompt eval time =      11.00 ms /     1 tokens (   11.00 ms per token,    90.93 tokens per second)
       eval time =      31.68 ms /     4 tokens (    7.92 ms per token,   126.28 tokens per second)
      total time =      42.67 ms /     5 tokens
slot      release: id  2 | task 212 | stop processing: n_tokens = 54, truncated = 0
srv  update_slots: all slots are idle
srv  log_server_r: done request: POST /completion 127.0.0.1 200
slot get_availabl: id  2 | task -1 | selected slot by LCP similarity, sim_best = 0.981 (> 0.100 thold), f_keep = 0.944
slot launch_slot_: id  2 | task -1 | sampler chain: logits -> top-k -> dist 
slot launch_slot_: id  2 | task 217 | processing task, is_child = 0
slot update_slots: id  2 | task 217 | new prompt, n_ctx_slot = 2048, n_keep = 0, task.n_tokens = 52
slot update_slots: id  2 | task 217 | n_tokens = 51, memory_seq_rm [51, end)
slot init_sampler: id  2 | task 217 | init sampler, took 0.01 ms, tokens: text = 52, total = 52
slot update_slots: id  2 | task 217 | prompt processing done, n_tokens = 52, batch.n_tokens = 1
slot print_timing: id  2 | task 217 | 
prompt eval time =      11.06 ms /     1 tokens (   11.06 ms per token,    90.40 tokens per second)
       eval time =      31.45 ms /     4 tokens (    7.86 ms per token,   127.19 tokens per second)
      total time =      42.51 ms /     5 tokens
slot      release: id  2 | task 217 | stop processing: n_tokens = 55, truncated = 0
srv  update_slots: all slots are idle
srv  log_server_r: done request: POST /completion 127.0.0.1 200
slot get_availabl: id  2 | task -1 | selected slot by LCP similarity, sim_best = 0.981 (> 0.100 thold), f_keep = 0.945
slot launch_slot_: id  2 | task -1 | sampler chain: logits -> top-k -> dist 
slot launch_slot_: id  2 | task 222 | processing task, is_child = 0
slot update_slots: id  2 | task 222 | new prompt, n_ctx_slot = 2048, n_keep = 0, task.n_tokens = 53
slot update_slots: id  2 | task 222 | n_tokens = 52, memory_seq_rm [52, end)
slot init_sampler: id  2 | task 222 | init sampler, took 0.01 ms, tokens: text = 53, total = 53
slot update_slots: id  2 | task 222 | prompt processing done, n_tokens = 53, batch.n_tokens = 1
slot print_timing: id  2 | task 222 | 
prompt eval time =      10.98 ms /     1 tokens (   10.98 ms per token,    91.05 tokens per second)
       eval time =      32.19 ms /     4 tokens (    8.05 ms per token,   124.25 tokens per second)
      total time =      43.17 ms /     5 tokens
slot      release: id  2 | task 222 | stop processing: n_tokens = 56, truncated = 0
srv  update_slots: all slots are idle
srv  log_server_r: done request: POST /completion 127.0.0.1 200
slot get_availabl: id  2 | task -1 | selected slot by LCP similarity, sim_best = 0.981 (> 0.100 thold), f_keep = 0.946
slot launch_slot_: id  2 | task -1 | sampler chain: logits -> top-k -> dist 
slot launch_slot_: id  2 | task 227 | processing task, is_child = 0
slot update_slots: id  2 | task 227 | new prompt, n_ctx_slot = 2048, n_keep = 0, task.n_tokens = 54
slot update_slots: id  2 | task 227 | n_tokens = 53, memory_seq_rm [53, end)
slot init_sampler: id  2 | task 227 | init sampler, took 0.01 ms, tokens: text = 54, total = 54
slot update_slots: id  2 | task 227 | prompt processing done, n_tokens = 54, batch.n_tokens = 1
slot print_timing: id  2 | task 227 | 
prompt eval time =      10.91 ms /     1 tokens (   10.91 ms per token,    91.63 tokens per second)
       eval time =      31.29 ms /     4 tokens (    7.82 ms per token,   127.84 tokens per second)
      total time =      42.20 ms /     5 tokens
slot      release: id  2 | task 227 | stop processing: n_tokens = 57, truncated = 0
srv  update_slots: all slots are idle
srv  log_server_r: done request: POST /completion 127.0.0.1 200
slot get_availabl: id  2 | task -1 | selected slot by LCP similarity, sim_best = 0.982 (> 0.100 thold), f_keep = 0.982
slot launch_slot_: id  2 | task -1 | sampler chain: logits -> top-k -> dist 
slot launch_slot_: id  2 | task 232 | processing task, is_child = 0
slot update_slots: id  2 | task 232 | new prompt, n_ctx_slot = 2048, n_keep = 0, task.n_tokens = 57
slot update_slots: id  2 | task 232 | n_tokens = 56, memory_seq_rm [56, end)
slot init_sampler: id  2 | task 232 | init sampler, took 0.01 ms, tokens: text = 57, total = 57
slot update_slots: id  2 | task 232 | prompt processing done, n_tokens = 57, batch.n_tokens = 1
slot print_timing: id  2 | task 232 | 
prompt eval time =      10.98 ms /     1 tokens (   10.98 ms per token,    91.04 tokens per second)
       eval time =      31.18 ms /     4 tokens (    7.79 ms per token,   128.29 tokens per second)
      total time =      42.16 ms /     5 tokens
slot      release: id  2 | task 232 | stop processing: n_tokens = 60, truncated = 0
srv  update_slots: all slots are idle
srv  log_server_r: done request: POST /completion 127.0.0.1 200
slot get_availabl: id  2 | task -1 | selected slot by LCP similarity, sim_best = 0.984 (> 0.100 thold), f_keep = 1.000
slot launch_slot_: id  2 | task -1 | sampler chain: logits -> top-k -> dist 
slot launch_slot_: id  2 | task 237 | processing task, is_child = 0
slot update_slots: id  2 | task 237 | new prompt, n_ctx_slot = 2048, n_keep = 0, task.n_tokens = 61
slot update_slots: id  2 | task 237 | n_tokens = 60, memory_seq_rm [60, end)
slot init_sampler: id  2 | task 237 | init sampler, took 0.01 ms, tokens: text = 61, total = 61
slot update_slots: id  2 | task 237 | prompt processing done, n_tokens = 61, batch.n_tokens = 1
slot print_timing: id  2 | task 237 | 
prompt eval time =      18.62 ms /     1 tokens (   18.62 ms per token,    53.69 tokens per second)
       eval time =      31.30 ms /     4 tokens (    7.82 ms per token,   127.80 tokens per second)
      total time =      49.92 ms /     5 tokens
slot      release: id  2 | task 237 | stop processing: n_tokens = 64, truncated = 0
srv  update_slots: all slots are idle
srv  log_server_r: done request: POST /completion 127.0.0.1 200
slot get_availabl: id  2 | task -1 | selected slot by LCP similarity, sim_best = 0.970 (> 0.100 thold), f_keep = 1.000
slot launch_slot_: id  2 | task -1 | sampler chain: logits -> top-k -> dist 
slot launch_slot_: id  2 | task 242 | processing task, is_child = 0
slot update_slots: id  2 | task 242 | new prompt, n_ctx_slot = 2048, n_keep = 0, task.n_tokens = 66
slot update_slots: id  2 | task 242 | n_tokens = 64, memory_seq_rm [64, end)
slot init_sampler: id  2 | task 242 | init sampler, took 0.01 ms, tokens: text = 66, total = 66
slot update_slots: id  2 | task 242 | prompt processing done, n_tokens = 66, batch.n_tokens = 2
slot print_timing: id  2 | task 242 | 
prompt eval time =      74.79 ms /     2 tokens (   37.39 ms per token,    26.74 tokens per second)
       eval time =      33.24 ms /     4 tokens (    8.31 ms per token,   120.33 tokens per second)
      total time =     108.03 ms /     6 tokens
slot      release: id  2 | task 242 | stop processing: n_tokens = 69, truncated = 0
srv  update_slots: all slots are idle
srv  log_server_r: done request: POST /completion 127.0.0.1 200
slot get_availabl: id  2 | task -1 | selected slot by LCP similarity, sim_best = 0.985 (> 0.100 thold), f_keep = 0.957
slot launch_slot_: id  2 | task -1 | sampler chain: logits -> top-k -> dist 
slot launch_slot_: id  2 | task 247 | processing task, is_child = 0
slot update_slots: id  2 | task 247 | new prompt, n_ctx_slot = 2048, n_keep = 0, task.n_tokens = 67
slot update_slots: id  2 | task 247 | n_tokens = 66, memory_seq_rm [66, end)
slot init_sampler: id  2 | task 247 | init sampler, took 0.01 ms, tokens: text = 67, total = 67
slot update_slots: id  2 | task 247 | prompt processing done, n_tokens = 67, batch.n_tokens = 1
slot print_timing: id  2 | task 247 | 
prompt eval time =      11.05 ms /     1 tokens (   11.05 ms per token,    90.51 tokens per second)
       eval time =      31.94 ms /     4 tokens (    7.98 ms per token,   125.25 tokens per second)
      total time =      42.99 ms /     5 tokens
slot      release: id  2 | task 247 | stop processing: n_tokens = 70, truncated = 0
srv  update_slots: all slots are idle
srv  log_server_r: done request: POST /completion 127.0.0.1 200
slot get_availabl: id  2 | task -1 | selected slot by LCP similarity, sim_best = 0.986 (> 0.100 thold), f_keep = 1.000
slot launch_slot_: id  2 | task -1 | sampler chain: logits -> top-k -> dist 
slot launch_slot_: id  2 | task 252 | processing task, is_child = 0
slot update_slots: id  2 | task 252 | new prompt, n_ctx_slot = 2048, n_keep = 0, task.n_tokens = 71
slot update_slots: id  2 | task 252 | n_tokens = 70, memory_seq_rm [70, end)
slot init_sampler: id  2 | task 252 | init sampler, took 0.02 ms, tokens: text = 71, total = 71
slot update_slots: id  2 | task 252 | prompt processing done, n_tokens = 71, batch.n_tokens = 1
slot print_timing: id  2 | task 252 | 
prompt eval time =      11.27 ms /     1 tokens (   11.27 ms per token,    88.77 tokens per second)
       eval time =      31.20 ms /     4 tokens (    7.80 ms per token,   128.21 tokens per second)
      total time =      42.47 ms /     5 tokens
slot      release: id  2 | task 252 | stop processing: n_tokens = 74, truncated = 0
srv  update_slots: all slots are idle
srv  log_server_r: done request: POST /completion 127.0.0.1 200
slot get_availabl: id  2 | task -1 | selected slot by LCP similarity, sim_best = 0.986 (> 0.100 thold), f_keep = 0.986
slot launch_slot_: id  2 | task -1 | sampler chain: logits -> top-k -> dist 
slot launch_slot_: id  2 | task 257 | processing task, is_child = 0
slot update_slots: id  2 | task 257 | new prompt, n_ctx_slot = 2048, n_keep = 0, task.n_tokens = 74
slot update_slots: id  2 | task 257 | n_tokens = 73, memory_seq_rm [73, end)
slot init_sampler: id  2 | task 257 | init sampler, took 0.01 ms, tokens: text = 74, total = 74
slot update_slots: id  2 | task 257 | prompt processing done, n_tokens = 74, batch.n_tokens = 1
slot print_timing: id  2 | task 257 | 
prompt eval time =      10.87 ms /     1 tokens (   10.87 ms per token,    92.01 tokens per second)
       eval time =      31.62 ms /     4 tokens (    7.91 ms per token,   126.49 tokens per second)
      total time =      42.49 ms /     5 tokens
slot      release: id  2 | task 257 | stop processing: n_tokens = 77, truncated = 0
srv  update_slots: all slots are idle
srv  log_server_r: done request: POST /completion 127.0.0.1 200
slot get_availabl: id  2 | task -1 | selected slot by LCP similarity, sim_best = 0.987 (> 0.100 thold), f_keep = 0.961
slot launch_slot_: id  2 | task -1 | sampler chain: logits -> top-k -> dist 
slot launch_slot_: id  2 | task 262 | processing task, is_child = 0
slot update_slots: id  2 | task 262 | new prompt, n_ctx_slot = 2048, n_keep = 0, task.n_tokens = 75
slot update_slots: id  2 | task 262 | n_tokens = 74, memory_seq_rm [74, end)
slot init_sampler: id  2 | task 262 | init sampler, took 0.01 ms, tokens: text = 75, total = 75
slot update_slots: id  2 | task 262 | prompt processing done, n_tokens = 75, batch.n_tokens = 1
slot print_timing: id  2 | task 262 | 
prompt eval time =      10.82 ms /     1 tokens (   10.82 ms per token,    92.38 tokens per second)
       eval time =      31.29 ms /     4 tokens (    7.82 ms per token,   127.82 tokens per second)
      total time =      42.12 ms /     5 tokens
slot      release: id  2 | task 262 | stop processing: n_tokens = 78, truncated = 0
srv  update_slots: all slots are idle
srv  log_server_r: done request: POST /completion 127.0.0.1 200
slot get_availabl: id  2 | task -1 | selected slot by LCP similarity, sim_best = 0.987 (> 0.100 thold), f_keep = 0.987
slot launch_slot_: id  2 | task -1 | sampler chain: logits -> top-k -> dist 
slot launch_slot_: id  2 | task 267 | processing task, is_child = 0
slot update_slots: id  2 | task 267 | new prompt, n_ctx_slot = 2048, n_keep = 0, task.n_tokens = 78
slot update_slots: id  2 | task 267 | n_tokens = 77, memory_seq_rm [77, end)
slot init_sampler: id  2 | task 267 | init sampler, took 0.01 ms, tokens: text = 78, total = 78
slot update_slots: id  2 | task 267 | prompt processing done, n_tokens = 78, batch.n_tokens = 1
slot print_timing: id  2 | task 267 | 
prompt eval time =      10.90 ms /     1 tokens (   10.90 ms per token,    91.72 tokens per second)
       eval time =      31.26 ms /     4 tokens (    7.82 ms per token,   127.95 tokens per second)
      total time =      42.16 ms /     5 tokens
slot      release: id  2 | task 267 | stop processing: n_tokens = 81, truncated = 0
srv  update_slots: all slots are idle
srv  log_server_r: done request: POST /completion 127.0.0.1 200
slot get_availabl: id  2 | task -1 | selected slot by LCP similarity, sim_best = 0.988 (> 0.100 thold), f_keep = 0.975
slot launch_slot_: id  2 | task -1 | sampler chain: logits -> top-k -> dist 
slot launch_slot_: id  2 | task 272 | processing task, is_child = 0
slot update_slots: id  2 | task 272 | new prompt, n_ctx_slot = 2048, n_keep = 0, task.n_tokens = 80
slot update_slots: id  2 | task 272 | n_tokens = 79, memory_seq_rm [79, end)
slot init_sampler: id  2 | task 272 | init sampler, took 0.01 ms, tokens: text = 80, total = 80
slot update_slots: id  2 | task 272 | prompt processing done, n_tokens = 80, batch.n_tokens = 1
slot print_timing: id  2 | task 272 | 
prompt eval time =      10.89 ms /     1 tokens (   10.89 ms per token,    91.86 tokens per second)
       eval time =      31.20 ms /     4 tokens (    7.80 ms per token,   128.20 tokens per second)
      total time =      42.09 ms /     5 tokens
slot      release: id  2 | task 272 | stop processing: n_tokens = 83, truncated = 0
srv  update_slots: all slots are idle
srv  log_server_r: done request: POST /completion 127.0.0.1 200
slot get_availabl: id  2 | task -1 | selected slot by LCP similarity, sim_best = 0.976 (> 0.100 thold), f_keep = 1.000
slot launch_slot_: id  2 | task -1 | sampler chain: logits -> top-k -> dist 
slot launch_slot_: id  2 | task 277 | processing task, is_child = 0
slot update_slots: id  2 | task 277 | new prompt, n_ctx_slot = 2048, n_keep = 0, task.n_tokens = 85
slot update_slots: id  2 | task 277 | n_tokens = 83, memory_seq_rm [83, end)
slot init_sampler: id  2 | task 277 | init sampler, took 0.01 ms, tokens: text = 85, total = 85
slot update_slots: id  2 | task 277 | prompt processing done, n_tokens = 85, batch.n_tokens = 2
slot print_timing: id  2 | task 277 | 
prompt eval time =      73.78 ms /     2 tokens (   36.89 ms per token,    27.11 tokens per second)
       eval time =      33.63 ms /     4 tokens (    8.41 ms per token,   118.93 tokens per second)
      total time =     107.42 ms /     6 tokens
slot      release: id  2 | task 277 | stop processing: n_tokens = 88, truncated = 0
srv  update_slots: all slots are idle
srv  log_server_r: done request: POST /completion 127.0.0.1 200
slot get_availabl: id  2 | task -1 | selected slot by LCP similarity, sim_best = 0.989 (> 0.100 thold), f_keep = 0.977
slot launch_slot_: id  2 | task -1 | sampler chain: logits -> top-k -> dist 
slot launch_slot_: id  2 | task 282 | processing task, is_child = 0
slot update_slots: id  2 | task 282 | new prompt, n_ctx_slot = 2048, n_keep = 0, task.n_tokens = 87
slot update_slots: id  2 | task 282 | n_tokens = 86, memory_seq_rm [86, end)
slot init_sampler: id  2 | task 282 | init sampler, took 0.01 ms, tokens: text = 87, total = 87
slot update_slots: id  2 | task 282 | prompt processing done, n_tokens = 87, batch.n_tokens = 1
slot print_timing: id  2 | task 282 | 
prompt eval time =      10.80 ms /     1 tokens (   10.80 ms per token,    92.63 tokens per second)
       eval time =      31.41 ms /     4 tokens (    7.85 ms per token,   127.35 tokens per second)
      total time =      42.20 ms /     5 tokens
slot      release: id  2 | task 282 | stop processing: n_tokens = 90, truncated = 0
srv  update_slots: all slots are idle
srv  log_server_r: done request: POST /completion 127.0.0.1 200
slot get_availabl: id  2 | task -1 | selected slot by LCP similarity, sim_best = 0.989 (> 0.100 thold), f_keep = 0.978
slot launch_slot_: id  2 | task -1 | sampler chain: logits -> top-k -> dist 
slot launch_slot_: id  2 | task 287 | processing task, is_child = 0
slot update_slots: id  2 | task 287 | new prompt, n_ctx_slot = 2048, n_keep = 0, task.n_tokens = 89
slot update_slots: id  2 | task 287 | n_tokens = 88, memory_seq_rm [88, end)
slot init_sampler: id  2 | task 287 | init sampler, took 0.01 ms, tokens: text = 89, total = 89
slot update_slots: id  2 | task 287 | prompt processing done, n_tokens = 89, batch.n_tokens = 1
slot print_timing: id  2 | task 287 | 
prompt eval time =      10.86 ms /     1 tokens (   10.86 ms per token,    92.11 tokens per second)
       eval time =      32.70 ms /     4 tokens (    8.18 ms per token,   122.31 tokens per second)
      total time =      43.56 ms /     5 tokens
slot      release: id  2 | task 287 | stop processing: n_tokens = 92, truncated = 0
srv  update_slots: all slots are idle
srv  log_server_r: done request: POST /completion 127.0.0.1 200
slot get_availabl: id  2 | task -1 | selected slot by LCP similarity, sim_best = 0.979 (> 0.100 thold), f_keep = 1.000
slot launch_slot_: id  2 | task -1 | sampler chain: logits -> top-k -> dist 
slot launch_slot_: id  2 | task 292 | processing task, is_child = 0
slot update_slots: id  2 | task 292 | new prompt, n_ctx_slot = 2048, n_keep = 0, task.n_tokens = 94
slot update_slots: id  2 | task 292 | n_tokens = 92, memory_seq_rm [92, end)
slot init_sampler: id  2 | task 292 | init sampler, took 0.03 ms, tokens: text = 94, total = 94
slot update_slots: id  2 | task 292 | prompt processing done, n_tokens = 94, batch.n_tokens = 2
slot print_timing: id  2 | task 292 | 
prompt eval time =      75.91 ms /     2 tokens (   37.95 ms per token,    26.35 tokens per second)
       eval time =      36.22 ms /     4 tokens (    9.05 ms per token,   110.45 tokens per second)
      total time =     112.12 ms /     6 tokens
slot      release: id  2 | task 292 | stop processing: n_tokens = 97, truncated = 0
srv  update_slots: all slots are idle
srv  log_server_r: done request: POST /completion 127.0.0.1 200
slot get_availabl: id  2 | task -1 | selected slot by LCP similarity, sim_best = 0.980 (> 0.100 thold), f_keep = 1.000
slot launch_slot_: id  2 | task -1 | sampler chain: logits -> top-k -> dist 
slot launch_slot_: id  2 | task 297 | processing task, is_child = 0
slot update_slots: id  2 | task 297 | new prompt, n_ctx_slot = 2048, n_keep = 0, task.n_tokens = 99
slot update_slots: id  2 | task 297 | n_tokens = 97, memory_seq_rm [97, end)
slot init_sampler: id  2 | task 297 | init sampler, took 0.02 ms, tokens: text = 99, total = 99
slot update_slots: id  2 | task 297 | prompt processing done, n_tokens = 99, batch.n_tokens = 2
slot print_timing: id  2 | task 297 | 
prompt eval time =      74.99 ms /     2 tokens (   37.50 ms per token,    26.67 tokens per second)
       eval time =      32.52 ms /     4 tokens (    8.13 ms per token,   123.01 tokens per second)
      total time =     107.51 ms /     6 tokens
slot      release: id  2 | task 297 | stop processing: n_tokens = 102, truncated = 0
srv  update_slots: all slots are idle
srv  log_server_r: done request: POST /completion 127.0.0.1 200
slot get_availabl: id  2 | task -1 | selected slot by LCP similarity, sim_best = 0.990 (> 0.100 thold), f_keep = 0.980
slot launch_slot_: id  2 | task -1 | sampler chain: logits -> top-k -> dist 
slot launch_slot_: id  2 | task 302 | processing task, is_child = 0
slot update_slots: id  2 | task 302 | new prompt, n_ctx_slot = 2048, n_keep = 0, task.n_tokens = 101
slot update_slots: id  2 | task 302 | n_tokens = 100, memory_seq_rm [100, end)
slot init_sampler: id  2 | task 302 | init sampler, took 0.01 ms, tokens: text = 101, total = 101
slot update_slots: id  2 | task 302 | prompt processing done, n_tokens = 101, batch.n_tokens = 1
slot print_timing: id  2 | task 302 | 
prompt eval time =      11.72 ms /     1 tokens (   11.72 ms per token,    85.32 tokens per second)
       eval time =      33.23 ms /     4 tokens (    8.31 ms per token,   120.38 tokens per second)
      total time =      44.95 ms /     5 tokens
slot      release: id  2 | task 302 | stop processing: n_tokens = 104, truncated = 0
srv  update_slots: all slots are idle
srv  log_server_r: done request: POST /completion 127.0.0.1 200
slot get_availabl: id  2 | task -1 | selected slot by LCP similarity, sim_best = 0.990 (> 0.100 thold), f_keep = 0.981
slot launch_slot_: id  2 | task -1 | sampler chain: logits -> top-k -> dist 
slot launch_slot_: id  2 | task 307 | processing task, is_child = 0
slot update_slots: id  2 | task 307 | new prompt, n_ctx_slot = 2048, n_keep = 0, task.n_tokens = 103
slot update_slots: id  2 | task 307 | n_tokens = 102, memory_seq_rm [102, end)
slot init_sampler: id  2 | task 307 | init sampler, took 0.01 ms, tokens: text = 103, total = 103
slot update_slots: id  2 | task 307 | prompt processing done, n_tokens = 103, batch.n_tokens = 1
slot print_timing: id  2 | task 307 | 
prompt eval time =      10.97 ms /     1 tokens (   10.97 ms per token,    91.17 tokens per second)
       eval time =      31.41 ms /     4 tokens (    7.85 ms per token,   127.37 tokens per second)
      total time =      42.37 ms /     5 tokens
slot      release: id  2 | task 307 | stop processing: n_tokens = 106, truncated = 0
srv  update_slots: all slots are idle
srv  log_server_r: done request: POST /completion 127.0.0.1 200
slot get_availabl: id  2 | task -1 | selected slot by LCP similarity, sim_best = 0.981 (> 0.100 thold), f_keep = 1.000
slot launch_slot_: id  2 | task -1 | sampler chain: logits -> top-k -> dist 
slot launch_slot_: id  2 | task 312 | processing task, is_child = 0
slot update_slots: id  2 | task 312 | new prompt, n_ctx_slot = 2048, n_keep = 0, task.n_tokens = 108
slot update_slots: id  2 | task 312 | n_tokens = 106, memory_seq_rm [106, end)
slot init_sampler: id  2 | task 312 | init sampler, took 0.01 ms, tokens: text = 108, total = 108
slot update_slots: id  2 | task 312 | prompt processing done, n_tokens = 108, batch.n_tokens = 2
slot print_timing: id  2 | task 312 | 
prompt eval time =      74.31 ms /     2 tokens (   37.16 ms per token,    26.91 tokens per second)
       eval time =      33.35 ms /     4 tokens (    8.34 ms per token,   119.95 tokens per second)
      total time =     107.66 ms /     6 tokens
slot      release: id  2 | task 312 | stop processing: n_tokens = 111, truncated = 0
srv  update_slots: all slots are idle
srv  log_server_r: done request: POST /completion 127.0.0.1 200
slot get_availabl: id  2 | task -1 | selected slot by LCP similarity, sim_best = 0.982 (> 0.100 thold), f_keep = 1.000
slot launch_slot_: id  2 | task -1 | sampler chain: logits -> top-k -> dist 
slot launch_slot_: id  2 | task 317 | processing task, is_child = 0
slot update_slots: id  2 | task 317 | new prompt, n_ctx_slot = 2048, n_keep = 0, task.n_tokens = 113
slot update_slots: id  2 | task 317 | n_tokens = 111, memory_seq_rm [111, end)
slot init_sampler: id  2 | task 317 | init sampler, took 0.01 ms, tokens: text = 113, total = 113
slot update_slots: id  2 | task 317 | prompt processing done, n_tokens = 113, batch.n_tokens = 2
slot print_timing: id  2 | task 317 | 
prompt eval time =      73.43 ms /     2 tokens (   36.71 ms per token,    27.24 tokens per second)
       eval time =      32.64 ms /     4 tokens (    8.16 ms per token,   122.55 tokens per second)
      total time =     106.07 ms /     6 tokens
slot      release: id  2 | task 317 | stop processing: n_tokens = 116, truncated = 0
srv  update_slots: all slots are idle
srv  log_server_r: done request: POST /completion 127.0.0.1 200
slot get_availabl: id  2 | task -1 | selected slot by LCP similarity, sim_best = 0.983 (> 0.100 thold), f_keep = 1.000
slot launch_slot_: id  2 | task -1 | sampler chain: logits -> top-k -> dist 
slot launch_slot_: id  2 | task 322 | processing task, is_child = 0
slot update_slots: id  2 | task 322 | new prompt, n_ctx_slot = 2048, n_keep = 0, task.n_tokens = 118
slot update_slots: id  2 | task 322 | n_tokens = 116, memory_seq_rm [116, end)
slot init_sampler: id  2 | task 322 | init sampler, took 0.01 ms, tokens: text = 118, total = 118
slot update_slots: id  2 | task 322 | prompt processing done, n_tokens = 118, batch.n_tokens = 2
slot print_timing: id  2 | task 322 | 
prompt eval time =      73.94 ms /     2 tokens (   36.97 ms per token,    27.05 tokens per second)
       eval time =      34.34 ms /     4 tokens (    8.58 ms per token,   116.50 tokens per second)
      total time =     108.27 ms /     6 tokens
slot      release: id  2 | task 322 | stop processing: n_tokens = 121, truncated = 0
srv  update_slots: all slots are idle
srv  log_server_r: done request: POST /completion 127.0.0.1 200
slot get_availabl: id  2 | task -1 | selected slot by LCP similarity, sim_best = 0.984 (> 0.100 thold), f_keep = 1.000
slot launch_slot_: id  2 | task -1 | sampler chain: logits -> top-k -> dist 
slot launch_slot_: id  2 | task 327 | processing task, is_child = 0
slot update_slots: id  2 | task 327 | new prompt, n_ctx_slot = 2048, n_keep = 0, task.n_tokens = 123
slot update_slots: id  2 | task 327 | n_tokens = 121, memory_seq_rm [121, end)
slot init_sampler: id  2 | task 327 | init sampler, took 0.02 ms, tokens: text = 123, total = 123
slot update_slots: id  2 | task 327 | prompt processing done, n_tokens = 123, batch.n_tokens = 2
slot print_timing: id  2 | task 327 | 
prompt eval time =      76.39 ms /     2 tokens (   38.19 ms per token,    26.18 tokens per second)
       eval time =      32.77 ms /     4 tokens (    8.19 ms per token,   122.08 tokens per second)
      total time =     109.15 ms /     6 tokens
slot      release: id  2 | task 327 | stop processing: n_tokens = 126, truncated = 0
srv  update_slots: all slots are idle
srv  log_server_r: done request: POST /completion 127.0.0.1 200
slot get_availabl: id  2 | task -1 | selected slot by LCP similarity, sim_best = 0.984 (> 0.100 thold), f_keep = 1.000
slot launch_slot_: id  2 | task -1 | sampler chain: logits -> top-k -> dist 
slot launch_slot_: id  2 | task 332 | processing task, is_child = 0
slot update_slots: id  2 | task 332 | new prompt, n_ctx_slot = 2048, n_keep = 0, task.n_tokens = 128
slot update_slots: id  2 | task 332 | n_tokens = 126, memory_seq_rm [126, end)
slot init_sampler: id  2 | task 332 | init sampler, took 0.04 ms, tokens: text = 128, total = 128
slot update_slots: id  2 | task 332 | prompt processing done, n_tokens = 128, batch.n_tokens = 2
slot print_timing: id  2 | task 332 | 
prompt eval time =      76.70 ms /     2 tokens (   38.35 ms per token,    26.08 tokens per second)
       eval time =      31.97 ms /     4 tokens (    7.99 ms per token,   125.12 tokens per second)
      total time =     108.66 ms /     6 tokens
slot      release: id  2 | task 332 | stop processing: n_tokens = 131, truncated = 0
srv  update_slots: all slots are idle
srv  log_server_r: done request: POST /completion 127.0.0.1 200
slot get_availabl: id  2 | task -1 | selected slot by LCP similarity, sim_best = 0.985 (> 0.100 thold), f_keep = 1.000
slot launch_slot_: id  2 | task -1 | sampler chain: logits -> top-k -> dist 
slot launch_slot_: id  2 | task 337 | processing task, is_child = 0
slot update_slots: id  2 | task 337 | new prompt, n_ctx_slot = 2048, n_keep = 0, task.n_tokens = 133
slot update_slots: id  2 | task 337 | n_tokens = 131, memory_seq_rm [131, end)
slot init_sampler: id  2 | task 337 | init sampler, took 0.02 ms, tokens: text = 133, total = 133
slot update_slots: id  2 | task 337 | prompt processing done, n_tokens = 133, batch.n_tokens = 2
slot print_timing: id  2 | task 337 | 
prompt eval time =      73.23 ms /     2 tokens (   36.62 ms per token,    27.31 tokens per second)
       eval time =      32.97 ms /     4 tokens (    8.24 ms per token,   121.33 tokens per second)
      total time =     106.20 ms /     6 tokens
slot      release: id  2 | task 337 | stop processing: n_tokens = 136, truncated = 0
srv  update_slots: all slots are idle
srv  log_server_r: done request: POST /completion 127.0.0.1 200
slot get_availabl: id  2 | task -1 | selected slot by LCP similarity, sim_best = 0.986 (> 0.100 thold), f_keep = 1.000
slot launch_slot_: id  2 | task -1 | sampler chain: logits -> top-k -> dist 
slot launch_slot_: id  2 | task 342 | processing task, is_child = 0
slot update_slots: id  2 | task 342 | new prompt, n_ctx_slot = 2048, n_keep = 0, task.n_tokens = 138
slot update_slots: id  2 | task 342 | n_tokens = 136, memory_seq_rm [136, end)
slot init_sampler: id  2 | task 342 | init sampler, took 0.04 ms, tokens: text = 138, total = 138
slot update_slots: id  2 | task 342 | prompt processing done, n_tokens = 138, batch.n_tokens = 2
slot print_timing: id  2 | task 342 | 
prompt eval time =      75.42 ms /     2 tokens (   37.71 ms per token,    26.52 tokens per second)
       eval time =      33.74 ms /     4 tokens (    8.44 ms per token,   118.54 tokens per second)
      total time =     109.16 ms /     6 tokens
slot      release: id  2 | task 342 | stop processing: n_tokens = 141, truncated = 0
srv  update_slots: all slots are idle
srv  log_server_r: done request: POST /completion 127.0.0.1 200
slot get_availabl: id  2 | task -1 | selected slot by LCP similarity, sim_best = 0.986 (> 0.100 thold), f_keep = 1.000
slot launch_slot_: id  2 | task -1 | sampler chain: logits -> top-k -> dist 
slot launch_slot_: id  2 | task 347 | processing task, is_child = 0
slot update_slots: id  2 | task 347 | new prompt, n_ctx_slot = 2048, n_keep = 0, task.n_tokens = 143
slot update_slots: id  2 | task 347 | n_tokens = 141, memory_seq_rm [141, end)
slot init_sampler: id  2 | task 347 | init sampler, took 0.04 ms, tokens: text = 143, total = 143
slot update_slots: id  2 | task 347 | prompt processing done, n_tokens = 143, batch.n_tokens = 2
slot print_timing: id  2 | task 347 | 
prompt eval time =      75.75 ms /     2 tokens (   37.88 ms per token,    26.40 tokens per second)
       eval time =      32.38 ms /     4 tokens (    8.10 ms per token,   123.51 tokens per second)
      total time =     108.14 ms /     6 tokens
slot      release: id  2 | task 347 | stop processing: n_tokens = 146, truncated = 0
srv  update_slots: all slots are idle
srv  log_server_r: done request: POST /completion 127.0.0.1 200
slot get_availabl: id  2 | task -1 | selected slot by LCP similarity, sim_best = 0.986 (> 0.100 thold), f_keep = 1.000
slot launch_slot_: id  2 | task -1 | sampler chain: logits -> top-k -> dist 
slot launch_slot_: id  2 | task 352 | processing task, is_child = 0
slot update_slots: id  2 | task 352 | new prompt, n_ctx_slot = 2048, n_keep = 0, task.n_tokens = 148
slot update_slots: id  2 | task 352 | n_tokens = 146, memory_seq_rm [146, end)
slot init_sampler: id  2 | task 352 | init sampler, took 0.02 ms, tokens: text = 148, total = 148
slot update_slots: id  2 | task 352 | prompt processing done, n_tokens = 148, batch.n_tokens = 2
slot print_timing: id  2 | task 352 | 
prompt eval time =      74.87 ms /     2 tokens (   37.44 ms per token,    26.71 tokens per second)
       eval time =      32.70 ms /     4 tokens (    8.17 ms per token,   122.34 tokens per second)
      total time =     107.57 ms /     6 tokens
slot      release: id  2 | task 352 | stop processing: n_tokens = 151, truncated = 0
srv  update_slots: all slots are idle
srv  log_server_r: done request: POST /completion 127.0.0.1 200
slot get_availabl: id  2 | task -1 | selected slot by LCP similarity, sim_best = 0.987 (> 0.100 thold), f_keep = 1.000
slot launch_slot_: id  2 | task -1 | sampler chain: logits -> top-k -> dist 
slot launch_slot_: id  2 | task 357 | processing task, is_child = 0
slot update_slots: id  2 | task 357 | new prompt, n_ctx_slot = 2048, n_keep = 0, task.n_tokens = 153
slot update_slots: id  2 | task 357 | n_tokens = 151, memory_seq_rm [151, end)
slot init_sampler: id  2 | task 357 | init sampler, took 0.02 ms, tokens: text = 153, total = 153
slot update_slots: id  2 | task 357 | prompt processing done, n_tokens = 153, batch.n_tokens = 2
slot print_timing: id  2 | task 357 | 
prompt eval time =      76.44 ms /     2 tokens (   38.22 ms per token,    26.17 tokens per second)
       eval time =      32.55 ms /     4 tokens (    8.14 ms per token,   122.91 tokens per second)
      total time =     108.98 ms /     6 tokens
slot      release: id  2 | task 357 | stop processing: n_tokens = 156, truncated = 0
srv  update_slots: all slots are idle
srv  log_server_r: done request: POST /completion 127.0.0.1 200
slot get_availabl: id  2 | task -1 | selected slot by LCP similarity, sim_best = 0.987 (> 0.100 thold), f_keep = 1.000
slot launch_slot_: id  2 | task -1 | sampler chain: logits -> top-k -> dist 
slot launch_slot_: id  2 | task 362 | processing task, is_child = 0
slot update_slots: id  2 | task 362 | new prompt, n_ctx_slot = 2048, n_keep = 0, task.n_tokens = 158
slot update_slots: id  2 | task 362 | n_tokens = 156, memory_seq_rm [156, end)
slot init_sampler: id  2 | task 362 | init sampler, took 0.05 ms, tokens: text = 158, total = 158
slot update_slots: id  2 | task 362 | prompt processing done, n_tokens = 158, batch.n_tokens = 2
slot print_timing: id  2 | task 362 | 
prompt eval time =      73.05 ms /     2 tokens (   36.53 ms per token,    27.38 tokens per second)
       eval time =      32.80 ms /     4 tokens (    8.20 ms per token,   121.95 tokens per second)
      total time =     105.85 ms /     6 tokens
slot      release: id  2 | task 362 | stop processing: n_tokens = 161, truncated = 0
srv  update_slots: all slots are idle
srv  log_server_r: done request: POST /completion 127.0.0.1 200
slot get_availabl: id  2 | task -1 | selected slot by LCP similarity, sim_best = 1.000 (> 0.100 thold), f_keep = 0.205
srv  get_availabl: updating prompt cache
srv   prompt_save:  - saving prompt with length 161, total state size = 17.612 MiB (draft: 0.000 MiB)
srv         alloc:  - removing obsolete cached prompt with length 160
srv          load:  - looking for better prompt, base f_keep = 0.205, sim = 1.000
srv        update:  - cache state: 2 prompts, 18.378 MiB (limits: 8192.000 MiB, 2048 tokens, 74885 est)
srv        update:    - prompt 000000800B0F5190:       7 tokens, checkpoints:  0,     0.766 MiB
srv        update:    - prompt 000000800B0F7490:     161 tokens, checkpoints:  0,    17.612 MiB
srv  get_availabl: prompt cache update took 1.56 ms
slot launch_slot_: id  2 | task -1 | sampler chain: logits -> top-k -> dist 
slot launch_slot_: id  2 | task 367 | processing task, is_child = 0
slot update_slots: id  2 | task 367 | new prompt, n_ctx_slot = 2048, n_keep = 0, task.n_tokens = 33
slot update_slots: id  2 | task 367 | need to evaluate at least 1 token for each active slot (n_past = 33, task.n_tokens() = 33)
slot update_slots: id  2 | task 367 | n_past was set to 32
slot update_slots: id  2 | task 367 | n_tokens = 32, memory_seq_rm [32, end)
slot init_sampler: id  2 | task 367 | init sampler, took 0.01 ms, tokens: text = 33, total = 33
slot update_slots: id  2 | task 367 | prompt processing done, n_tokens = 33, batch.n_tokens = 1
slot print_timing: id  2 | task 367 | 
prompt eval time =      10.85 ms /     1 tokens (   10.85 ms per token,    92.14 tokens per second)
       eval time =      74.39 ms /     8 tokens (    9.30 ms per token,   107.54 tokens per second)
      total time =      85.25 ms /     9 tokens
slot      release: id  2 | task 367 | stop processing: n_tokens = 40, truncated = 0
srv  update_slots: all slots are idle
srv  log_server_r: done request: POST /completion 127.0.0.1 200
slot get_availabl: id  2 | task -1 | selected slot by LCP similarity, sim_best = 0.971 (> 0.100 thold), f_keep = 0.850
slot launch_slot_: id  2 | task -1 | sampler chain: logits -> top-k -> dist 
slot launch_slot_: id  2 | task 376 | processing task, is_child = 0
slot update_slots: id  2 | task 376 | new prompt, n_ctx_slot = 2048, n_keep = 0, task.n_tokens = 35
slot update_slots: id  2 | task 376 | n_tokens = 34, memory_seq_rm [34, end)
slot init_sampler: id  2 | task 376 | init sampler, took 0.01 ms, tokens: text = 35, total = 35
slot update_slots: id  2 | task 376 | prompt processing done, n_tokens = 35, batch.n_tokens = 1
slot print_timing: id  2 | task 376 | 
prompt eval time =      11.78 ms /     1 tokens (   11.78 ms per token,    84.86 tokens per second)
       eval time =      72.54 ms /     8 tokens (    9.07 ms per token,   110.29 tokens per second)
      total time =      84.32 ms /     9 tokens
slot      release: id  2 | task 376 | stop processing: n_tokens = 42, truncated = 0
srv  update_slots: all slots are idle
srv  log_server_r: done request: POST /completion 127.0.0.1 200
slot get_availabl: id  2 | task -1 | selected slot by LCP similarity, sim_best = 0.974 (> 0.100 thold), f_keep = 0.905
slot launch_slot_: id  2 | task -1 | sampler chain: logits -> top-k -> dist 
slot launch_slot_: id  2 | task 385 | processing task, is_child = 0
slot update_slots: id  2 | task 385 | new prompt, n_ctx_slot = 2048, n_keep = 0, task.n_tokens = 39
slot update_slots: id  2 | task 385 | n_tokens = 38, memory_seq_rm [38, end)
slot init_sampler: id  2 | task 385 | init sampler, took 0.01 ms, tokens: text = 39, total = 39
slot update_slots: id  2 | task 385 | prompt processing done, n_tokens = 39, batch.n_tokens = 1
slot print_timing: id  2 | task 385 | 
prompt eval time =      10.82 ms /     1 tokens (   10.82 ms per token,    92.42 tokens per second)
       eval time =      75.43 ms /     8 tokens (    9.43 ms per token,   106.06 tokens per second)
      total time =      86.25 ms /     9 tokens
slot      release: id  2 | task 385 | stop processing: n_tokens = 46, truncated = 0
srv  update_slots: all slots are idle
srv  log_server_r: done request: POST /completion 127.0.0.1 200
slot get_availabl: id  2 | task -1 | selected slot by LCP similarity, sim_best = 0.975 (> 0.100 thold), f_keep = 0.848
slot launch_slot_: id  2 | task -1 | sampler chain: logits -> top-k -> dist 
slot launch_slot_: id  2 | task 394 | processing task, is_child = 0
slot update_slots: id  2 | task 394 | new prompt, n_ctx_slot = 2048, n_keep = 0, task.n_tokens = 40
slot update_slots: id  2 | task 394 | n_tokens = 39, memory_seq_rm [39, end)
slot init_sampler: id  2 | task 394 | init sampler, took 0.01 ms, tokens: text = 40, total = 40
slot update_slots: id  2 | task 394 | prompt processing done, n_tokens = 40, batch.n_tokens = 1
slot print_timing: id  2 | task 394 | 
prompt eval time =      10.79 ms /     1 tokens (   10.79 ms per token,    92.70 tokens per second)
       eval time =      74.86 ms /     8 tokens (    9.36 ms per token,   106.87 tokens per second)
      total time =      85.64 ms /     9 tokens
slot      release: id  2 | task 394 | stop processing: n_tokens = 47, truncated = 0
srv  update_slots: all slots are idle
srv  log_server_r: done request: POST /completion 127.0.0.1 200
slot get_availabl: id  2 | task -1 | selected slot by LCP similarity, sim_best = 0.976 (> 0.100 thold), f_keep = 0.872
slot launch_slot_: id  2 | task -1 | sampler chain: logits -> top-k -> dist 
slot launch_slot_: id  2 | task 403 | processing task, is_child = 0
slot update_slots: id  2 | task 403 | new prompt, n_ctx_slot = 2048, n_keep = 0, task.n_tokens = 42
slot update_slots: id  2 | task 403 | n_tokens = 41, memory_seq_rm [41, end)
slot init_sampler: id  2 | task 403 | init sampler, took 0.01 ms, tokens: text = 42, total = 42
slot update_slots: id  2 | task 403 | prompt processing done, n_tokens = 42, batch.n_tokens = 1
slot print_timing: id  2 | task 403 | 
prompt eval time =      10.83 ms /     1 tokens (   10.83 ms per token,    92.37 tokens per second)
       eval time =      73.71 ms /     8 tokens (    9.21 ms per token,   108.53 tokens per second)
      total time =      84.54 ms /     9 tokens
slot      release: id  2 | task 403 | stop processing: n_tokens = 49, truncated = 0
srv  update_slots: all slots are idle
srv  log_server_r: done request: POST /completion 127.0.0.1 200
slot get_availabl: id  2 | task -1 | selected slot by LCP similarity, sim_best = 0.977 (> 0.100 thold), f_keep = 0.857
slot launch_slot_: id  2 | task -1 | sampler chain: logits -> top-k -> dist 
slot launch_slot_: id  2 | task 412 | processing task, is_child = 0
slot update_slots: id  2 | task 412 | new prompt, n_ctx_slot = 2048, n_keep = 0, task.n_tokens = 43
slot update_slots: id  2 | task 412 | n_tokens = 42, memory_seq_rm [42, end)
slot init_sampler: id  2 | task 412 | init sampler, took 0.01 ms, tokens: text = 43, total = 43
slot update_slots: id  2 | task 412 | prompt processing done, n_tokens = 43, batch.n_tokens = 1
slot print_timing: id  2 | task 412 | 
prompt eval time =      10.97 ms /     1 tokens (   10.97 ms per token,    91.14 tokens per second)
       eval time =      74.52 ms /     8 tokens (    9.31 ms per token,   107.36 tokens per second)
      total time =      85.49 ms /     9 tokens
slot      release: id  2 | task 412 | stop processing: n_tokens = 50, truncated = 0
srv  update_slots: all slots are idle
srv  log_server_r: done request: POST /completion 127.0.0.1 200
slot get_availabl: id  2 | task -1 | selected slot by LCP similarity, sim_best = 0.978 (> 0.100 thold), f_keep = 0.900
slot launch_slot_: id  2 | task -1 | sampler chain: logits -> top-k -> dist 
slot launch_slot_: id  2 | task 421 | processing task, is_child = 0
slot update_slots: id  2 | task 421 | new prompt, n_ctx_slot = 2048, n_keep = 0, task.n_tokens = 46
slot update_slots: id  2 | task 421 | n_tokens = 45, memory_seq_rm [45, end)
slot init_sampler: id  2 | task 421 | init sampler, took 0.01 ms, tokens: text = 46, total = 46
slot update_slots: id  2 | task 421 | prompt processing done, n_tokens = 46, batch.n_tokens = 1
slot print_timing: id  2 | task 421 | 
prompt eval time =      10.77 ms /     1 tokens (   10.77 ms per token,    92.86 tokens per second)
       eval time =      74.06 ms /     8 tokens (    9.26 ms per token,   108.03 tokens per second)
      total time =      84.82 ms /     9 tokens
slot      release: id  2 | task 421 | stop processing: n_tokens = 53, truncated = 0
srv  update_slots: all slots are idle
srv  log_server_r: done request: POST /completion 127.0.0.1 200
slot get_availabl: id  2 | task -1 | selected slot by LCP similarity, sim_best = 0.979 (> 0.100 thold), f_keep = 0.868
slot launch_slot_: id  2 | task -1 | sampler chain: logits -> top-k -> dist 
slot launch_slot_: id  2 | task 430 | processing task, is_child = 0
slot update_slots: id  2 | task 430 | new prompt, n_ctx_slot = 2048, n_keep = 0, task.n_tokens = 47
slot update_slots: id  2 | task 430 | n_tokens = 46, memory_seq_rm [46, end)
slot init_sampler: id  2 | task 430 | init sampler, took 0.01 ms, tokens: text = 47, total = 47
slot update_slots: id  2 | task 430 | prompt processing done, n_tokens = 47, batch.n_tokens = 1
slot print_timing: id  2 | task 430 | 
prompt eval time =      19.83 ms /     1 tokens (   19.83 ms per token,    50.42 tokens per second)
       eval time =      73.10 ms /     8 tokens (    9.14 ms per token,   109.44 tokens per second)
      total time =      92.94 ms /     9 tokens
slot      release: id  2 | task 430 | stop processing: n_tokens = 54, truncated = 0
srv  update_slots: all slots are idle
srv  log_server_r: done request: POST /completion 127.0.0.1 200
slot get_availabl: id  2 | task -1 | selected slot by LCP similarity, sim_best = 0.980 (> 0.100 thold), f_keep = 0.889
slot launch_slot_: id  2 | task -1 | sampler chain: logits -> top-k -> dist 
slot launch_slot_: id  2 | task 439 | processing task, is_child = 0
slot update_slots: id  2 | task 439 | new prompt, n_ctx_slot = 2048, n_keep = 0, task.n_tokens = 49
slot update_slots: id  2 | task 439 | n_tokens = 48, memory_seq_rm [48, end)
slot init_sampler: id  2 | task 439 | init sampler, took 0.02 ms, tokens: text = 49, total = 49
slot update_slots: id  2 | task 439 | prompt processing done, n_tokens = 49, batch.n_tokens = 1
slot print_timing: id  2 | task 439 | 
prompt eval time =      11.41 ms /     1 tokens (   11.41 ms per token,    87.61 tokens per second)
       eval time =      72.96 ms /     8 tokens (    9.12 ms per token,   109.66 tokens per second)
      total time =      84.37 ms /     9 tokens
slot      release: id  2 | task 439 | stop processing: n_tokens = 56, truncated = 0
srv  update_slots: all slots are idle
srv  log_server_r: done request: POST /completion 127.0.0.1 200
slot get_availabl: id  2 | task -1 | selected slot by LCP similarity, sim_best = 0.980 (> 0.100 thold), f_keep = 0.893
slot launch_slot_: id  2 | task -1 | sampler chain: logits -> top-k -> dist 
slot launch_slot_: id  2 | task 448 | processing task, is_child = 0
slot update_slots: id  2 | task 448 | new prompt, n_ctx_slot = 2048, n_keep = 0, task.n_tokens = 51
slot update_slots: id  2 | task 448 | n_tokens = 50, memory_seq_rm [50, end)
slot init_sampler: id  2 | task 448 | init sampler, took 0.01 ms, tokens: text = 51, total = 51
slot update_slots: id  2 | task 448 | prompt processing done, n_tokens = 51, batch.n_tokens = 1
slot print_timing: id  2 | task 448 | 
prompt eval time =      10.80 ms /     1 tokens (   10.80 ms per token,    92.58 tokens per second)
       eval time =      73.81 ms /     8 tokens (    9.23 ms per token,   108.38 tokens per second)
      total time =      84.62 ms /     9 tokens
slot      release: id  2 | task 448 | stop processing: n_tokens = 58, truncated = 0
srv  update_slots: all slots are idle
srv  log_server_r: done request: POST /completion 127.0.0.1 200
slot get_availabl: id  2 | task -1 | selected slot by LCP similarity, sim_best = 0.981 (> 0.100 thold), f_keep = 0.879
slot launch_slot_: id  2 | task -1 | sampler chain: logits -> top-k -> dist 
slot launch_slot_: id  2 | task 457 | processing task, is_child = 0
slot update_slots: id  2 | task 457 | new prompt, n_ctx_slot = 2048, n_keep = 0, task.n_tokens = 52
slot update_slots: id  2 | task 457 | n_tokens = 51, memory_seq_rm [51, end)
slot init_sampler: id  2 | task 457 | init sampler, took 0.01 ms, tokens: text = 52, total = 52
slot update_slots: id  2 | task 457 | prompt processing done, n_tokens = 52, batch.n_tokens = 1
slot print_timing: id  2 | task 457 | 
prompt eval time =      10.97 ms /     1 tokens (   10.97 ms per token,    91.16 tokens per second)
       eval time =      74.10 ms /     8 tokens (    9.26 ms per token,   107.96 tokens per second)
      total time =      85.07 ms /     9 tokens
slot      release: id  2 | task 457 | stop processing: n_tokens = 59, truncated = 0
srv  update_slots: all slots are idle
srv  log_server_r: done request: POST /completion 127.0.0.1 200
slot get_availabl: id  2 | task -1 | selected slot by LCP similarity, sim_best = 0.981 (> 0.100 thold), f_keep = 0.881
slot launch_slot_: id  2 | task -1 | sampler chain: logits -> top-k -> dist 
slot launch_slot_: id  2 | task 466 | processing task, is_child = 0
slot update_slots: id  2 | task 466 | new prompt, n_ctx_slot = 2048, n_keep = 0, task.n_tokens = 53
slot update_slots: id  2 | task 466 | n_tokens = 52, memory_seq_rm [52, end)
slot init_sampler: id  2 | task 466 | init sampler, took 0.01 ms, tokens: text = 53, total = 53
slot update_slots: id  2 | task 466 | prompt processing done, n_tokens = 53, batch.n_tokens = 1
slot print_timing: id  2 | task 466 | 
prompt eval time =      11.36 ms /     1 tokens (   11.36 ms per token,    88.03 tokens per second)
       eval time =      79.26 ms /     8 tokens (    9.91 ms per token,   100.93 tokens per second)
      total time =      90.62 ms /     9 tokens
slot      release: id  2 | task 466 | stop processing: n_tokens = 60, truncated = 0
srv  update_slots: all slots are idle
srv  log_server_r: done request: POST /completion 127.0.0.1 200
slot get_availabl: id  2 | task -1 | selected slot by LCP similarity, sim_best = 0.981 (> 0.100 thold), f_keep = 0.883
slot launch_slot_: id  2 | task -1 | sampler chain: logits -> top-k -> dist 
slot launch_slot_: id  2 | task 475 | processing task, is_child = 0
slot update_slots: id  2 | task 475 | new prompt, n_ctx_slot = 2048, n_keep = 0, task.n_tokens = 54
slot update_slots: id  2 | task 475 | n_tokens = 53, memory_seq_rm [53, end)
slot init_sampler: id  2 | task 475 | init sampler, took 0.01 ms, tokens: text = 54, total = 54
slot update_slots: id  2 | task 475 | prompt processing done, n_tokens = 54, batch.n_tokens = 1
slot print_timing: id  2 | task 475 | 
prompt eval time =      10.79 ms /     1 tokens (   10.79 ms per token,    92.64 tokens per second)
       eval time =      75.17 ms /     8 tokens (    9.40 ms per token,   106.43 tokens per second)
      total time =      85.96 ms /     9 tokens
slot      release: id  2 | task 475 | stop processing: n_tokens = 61, truncated = 0
srv  update_slots: all slots are idle
srv  log_server_r: done request: POST /completion 127.0.0.1 200
slot get_availabl: id  2 | task -1 | selected slot by LCP similarity, sim_best = 0.982 (> 0.100 thold), f_keep = 0.918
slot launch_slot_: id  2 | task -1 | sampler chain: logits -> top-k -> dist 
slot launch_slot_: id  2 | task 484 | processing task, is_child = 0
slot update_slots: id  2 | task 484 | new prompt, n_ctx_slot = 2048, n_keep = 0, task.n_tokens = 57
slot update_slots: id  2 | task 484 | n_tokens = 56, memory_seq_rm [56, end)
slot init_sampler: id  2 | task 484 | init sampler, took 0.01 ms, tokens: text = 57, total = 57
slot update_slots: id  2 | task 484 | prompt processing done, n_tokens = 57, batch.n_tokens = 1
slot print_timing: id  2 | task 484 | 
prompt eval time =      10.81 ms /     1 tokens (   10.81 ms per token,    92.50 tokens per second)
       eval time =      74.12 ms /     8 tokens (    9.26 ms per token,   107.93 tokens per second)
      total time =      84.93 ms /     9 tokens
slot      release: id  2 | task 484 | stop processing: n_tokens = 64, truncated = 0
srv  update_slots: all slots are idle
srv  log_server_r: done request: POST /completion 127.0.0.1 200
slot get_availabl: id  2 | task -1 | selected slot by LCP similarity, sim_best = 0.984 (> 0.100 thold), f_keep = 0.938
slot launch_slot_: id  2 | task -1 | sampler chain: logits -> top-k -> dist 
slot launch_slot_: id  2 | task 493 | processing task, is_child = 0
slot update_slots: id  2 | task 493 | new prompt, n_ctx_slot = 2048, n_keep = 0, task.n_tokens = 61
slot update_slots: id  2 | task 493 | n_tokens = 60, memory_seq_rm [60, end)
slot init_sampler: id  2 | task 493 | init sampler, took 0.01 ms, tokens: text = 61, total = 61
slot update_slots: id  2 | task 493 | prompt processing done, n_tokens = 61, batch.n_tokens = 1
slot print_timing: id  2 | task 493 | 
prompt eval time =      11.00 ms /     1 tokens (   11.00 ms per token,    90.93 tokens per second)
       eval time =      79.38 ms /     8 tokens (    9.92 ms per token,   100.78 tokens per second)
      total time =      90.38 ms /     9 tokens
slot      release: id  2 | task 493 | stop processing: n_tokens = 68, truncated = 0
srv  update_slots: all slots are idle
srv  log_server_r: done request: POST /completion 127.0.0.1 200
slot get_availabl: id  2 | task -1 | selected slot by LCP similarity, sim_best = 0.985 (> 0.100 thold), f_keep = 0.971
slot launch_slot_: id  2 | task -1 | sampler chain: logits -> top-k -> dist 
slot launch_slot_: id  2 | task 502 | processing task, is_child = 0
slot update_slots: id  2 | task 502 | new prompt, n_ctx_slot = 2048, n_keep = 0, task.n_tokens = 67
slot update_slots: id  2 | task 502 | n_tokens = 66, memory_seq_rm [66, end)
slot init_sampler: id  2 | task 502 | init sampler, took 0.01 ms, tokens: text = 67, total = 67
slot update_slots: id  2 | task 502 | prompt processing done, n_tokens = 67, batch.n_tokens = 1
slot print_timing: id  2 | task 502 | 
prompt eval time =      11.38 ms /     1 tokens (   11.38 ms per token,    87.85 tokens per second)
       eval time =      74.71 ms /     8 tokens (    9.34 ms per token,   107.09 tokens per second)
      total time =      86.09 ms /     9 tokens
slot      release: id  2 | task 502 | stop processing: n_tokens = 74, truncated = 0
srv  update_slots: all slots are idle
srv  log_server_r: done request: POST /completion 127.0.0.1 200
slot get_availabl: id  2 | task -1 | selected slot by LCP similarity, sim_best = 0.986 (> 0.100 thold), f_keep = 0.946
slot launch_slot_: id  2 | task -1 | sampler chain: logits -> top-k -> dist 
slot launch_slot_: id  2 | task 511 | processing task, is_child = 0
slot update_slots: id  2 | task 511 | new prompt, n_ctx_slot = 2048, n_keep = 0, task.n_tokens = 71
slot update_slots: id  2 | task 511 | n_tokens = 70, memory_seq_rm [70, end)
slot init_sampler: id  2 | task 511 | init sampler, took 0.01 ms, tokens: text = 71, total = 71
slot update_slots: id  2 | task 511 | prompt processing done, n_tokens = 71, batch.n_tokens = 1
slot print_timing: id  2 | task 511 | 
prompt eval time =      12.74 ms /     1 tokens (   12.74 ms per token,    78.52 tokens per second)
       eval time =      75.05 ms /     8 tokens (    9.38 ms per token,   106.60 tokens per second)
      total time =      87.78 ms /     9 tokens
slot      release: id  2 | task 511 | stop processing: n_tokens = 78, truncated = 0
srv  update_slots: all slots are idle
srv  log_server_r: done request: POST /completion 127.0.0.1 200
slot get_availabl: id  2 | task -1 | selected slot by LCP similarity, sim_best = 0.986 (> 0.100 thold), f_keep = 0.936
slot launch_slot_: id  2 | task -1 | sampler chain: logits -> top-k -> dist 
slot launch_slot_: id  2 | task 520 | processing task, is_child = 0
slot update_slots: id  2 | task 520 | new prompt, n_ctx_slot = 2048, n_keep = 0, task.n_tokens = 74
slot update_slots: id  2 | task 520 | n_tokens = 73, memory_seq_rm [73, end)
slot init_sampler: id  2 | task 520 | init sampler, took 0.01 ms, tokens: text = 74, total = 74
slot update_slots: id  2 | task 520 | prompt processing done, n_tokens = 74, batch.n_tokens = 1
slot print_timing: id  2 | task 520 | 
prompt eval time =      12.15 ms /     1 tokens (   12.15 ms per token,    82.29 tokens per second)
       eval time =      74.72 ms /     8 tokens (    9.34 ms per token,   107.07 tokens per second)
      total time =      86.87 ms /     9 tokens
slot      release: id  2 | task 520 | stop processing: n_tokens = 81, truncated = 0
srv  update_slots: all slots are idle
srv  log_server_r: done request: POST /completion 127.0.0.1 200
slot get_availabl: id  2 | task -1 | selected slot by LCP similarity, sim_best = 0.987 (> 0.100 thold), f_keep = 0.914
slot launch_slot_: id  2 | task -1 | sampler chain: logits -> top-k -> dist 
slot launch_slot_: id  2 | task 529 | processing task, is_child = 0
slot update_slots: id  2 | task 529 | new prompt, n_ctx_slot = 2048, n_keep = 0, task.n_tokens = 75
slot update_slots: id  2 | task 529 | n_tokens = 74, memory_seq_rm [74, end)
slot init_sampler: id  2 | task 529 | init sampler, took 0.01 ms, tokens: text = 75, total = 75
slot update_slots: id  2 | task 529 | prompt processing done, n_tokens = 75, batch.n_tokens = 1
slot print_timing: id  2 | task 529 | 
prompt eval time =      12.18 ms /     1 tokens (   12.18 ms per token,    82.08 tokens per second)
       eval time =      75.02 ms /     8 tokens (    9.38 ms per token,   106.64 tokens per second)
      total time =      87.20 ms /     9 tokens
slot      release: id  2 | task 529 | stop processing: n_tokens = 82, truncated = 0
srv  update_slots: all slots are idle
srv  log_server_r: done request: POST /completion 127.0.0.1 200
slot get_availabl: id  2 | task -1 | selected slot by LCP similarity, sim_best = 0.987 (> 0.100 thold), f_keep = 0.939
slot launch_slot_: id  2 | task -1 | sampler chain: logits -> top-k -> dist 
slot launch_slot_: id  2 | task 538 | processing task, is_child = 0
slot update_slots: id  2 | task 538 | new prompt, n_ctx_slot = 2048, n_keep = 0, task.n_tokens = 78
slot update_slots: id  2 | task 538 | n_tokens = 77, memory_seq_rm [77, end)
slot init_sampler: id  2 | task 538 | init sampler, took 0.01 ms, tokens: text = 78, total = 78
slot update_slots: id  2 | task 538 | prompt processing done, n_tokens = 78, batch.n_tokens = 1
slot print_timing: id  2 | task 538 | 
prompt eval time =      11.91 ms /     1 tokens (   11.91 ms per token,    83.96 tokens per second)
       eval time =      74.45 ms /     8 tokens (    9.31 ms per token,   107.46 tokens per second)
      total time =      86.36 ms /     9 tokens
slot      release: id  2 | task 538 | stop processing: n_tokens = 85, truncated = 0
srv  update_slots: all slots are idle
srv  log_server_r: done request: POST /completion 127.0.0.1 200
slot get_availabl: id  2 | task -1 | selected slot by LCP similarity, sim_best = 0.988 (> 0.100 thold), f_keep = 0.929
slot launch_slot_: id  2 | task -1 | sampler chain: logits -> top-k -> dist 
slot launch_slot_: id  2 | task 547 | processing task, is_child = 0
slot update_slots: id  2 | task 547 | new prompt, n_ctx_slot = 2048, n_keep = 0, task.n_tokens = 80
slot update_slots: id  2 | task 547 | n_tokens = 79, memory_seq_rm [79, end)
slot init_sampler: id  2 | task 547 | init sampler, took 0.01 ms, tokens: text = 80, total = 80
slot update_slots: id  2 | task 547 | prompt processing done, n_tokens = 80, batch.n_tokens = 1
slot print_timing: id  2 | task 547 | 
prompt eval time =      11.61 ms /     1 tokens (   11.61 ms per token,    86.15 tokens per second)
       eval time =      77.21 ms /     8 tokens (    9.65 ms per token,   103.61 tokens per second)
      total time =      88.82 ms /     9 tokens
slot      release: id  2 | task 547 | stop processing: n_tokens = 87, truncated = 0
srv  update_slots: all slots are idle
srv  log_server_r: done request: POST /completion 127.0.0.1 200
slot get_availabl: id  2 | task -1 | selected slot by LCP similarity, sim_best = 0.989 (> 0.100 thold), f_keep = 0.989
slot launch_slot_: id  2 | task -1 | sampler chain: logits -> top-k -> dist 
slot launch_slot_: id  2 | task 556 | processing task, is_child = 0
slot update_slots: id  2 | task 556 | new prompt, n_ctx_slot = 2048, n_keep = 0, task.n_tokens = 87
slot update_slots: id  2 | task 556 | n_tokens = 86, memory_seq_rm [86, end)
slot init_sampler: id  2 | task 556 | init sampler, took 0.01 ms, tokens: text = 87, total = 87
slot update_slots: id  2 | task 556 | prompt processing done, n_tokens = 87, batch.n_tokens = 1
slot print_timing: id  2 | task 556 | 
prompt eval time =      10.80 ms /     1 tokens (   10.80 ms per token,    92.62 tokens per second)
       eval time =      75.37 ms /     8 tokens (    9.42 ms per token,   106.14 tokens per second)
      total time =      86.17 ms /     9 tokens
slot      release: id  2 | task 556 | stop processing: n_tokens = 94, truncated = 0
srv  update_slots: all slots are idle
srv  log_server_r: done request: POST /completion 127.0.0.1 200
slot get_availabl: id  2 | task -1 | selected slot by LCP similarity, sim_best = 0.989 (> 0.100 thold), f_keep = 0.936
slot launch_slot_: id  2 | task -1 | sampler chain: logits -> top-k -> dist 
slot launch_slot_: id  2 | task 565 | processing task, is_child = 0
slot update_slots: id  2 | task 565 | new prompt, n_ctx_slot = 2048, n_keep = 0, task.n_tokens = 89
slot update_slots: id  2 | task 565 | n_tokens = 88, memory_seq_rm [88, end)
slot init_sampler: id  2 | task 565 | init sampler, took 0.01 ms, tokens: text = 89, total = 89
slot update_slots: id  2 | task 565 | prompt processing done, n_tokens = 89, batch.n_tokens = 1
slot print_timing: id  2 | task 565 | 
prompt eval time =      10.74 ms /     1 tokens (   10.74 ms per token,    93.13 tokens per second)
       eval time =      74.70 ms /     8 tokens (    9.34 ms per token,   107.09 tokens per second)
      total time =      85.44 ms /     9 tokens
slot      release: id  2 | task 565 | stop processing: n_tokens = 96, truncated = 0
srv  update_slots: all slots are idle
srv  log_server_r: done request: POST /completion 127.0.0.1 200
slot get_availabl: id  2 | task -1 | selected slot by LCP similarity, sim_best = 0.989 (> 0.100 thold), f_keep = 0.969
slot launch_slot_: id  2 | task -1 | sampler chain: logits -> top-k -> dist 
slot launch_slot_: id  2 | task 574 | processing task, is_child = 0
slot update_slots: id  2 | task 574 | new prompt, n_ctx_slot = 2048, n_keep = 0, task.n_tokens = 94
slot update_slots: id  2 | task 574 | n_tokens = 93, memory_seq_rm [93, end)
slot init_sampler: id  2 | task 574 | init sampler, took 0.03 ms, tokens: text = 94, total = 94
slot update_slots: id  2 | task 574 | prompt processing done, n_tokens = 94, batch.n_tokens = 1
slot print_timing: id  2 | task 574 | 
prompt eval time =      13.07 ms /     1 tokens (   13.07 ms per token,    76.48 tokens per second)
       eval time =      74.15 ms /     8 tokens (    9.27 ms per token,   107.89 tokens per second)
      total time =      87.23 ms /     9 tokens
slot      release: id  2 | task 574 | stop processing: n_tokens = 101, truncated = 0
srv  update_slots: all slots are idle
srv  log_server_r: done request: POST /completion 127.0.0.1 200
slot get_availabl: id  2 | task -1 | selected slot by LCP similarity, sim_best = 0.990 (> 0.100 thold), f_keep = 0.990
slot launch_slot_: id  2 | task -1 | sampler chain: logits -> top-k -> dist 
slot launch_slot_: id  2 | task 583 | processing task, is_child = 0
slot update_slots: id  2 | task 583 | new prompt, n_ctx_slot = 2048, n_keep = 0, task.n_tokens = 101
slot update_slots: id  2 | task 583 | n_tokens = 100, memory_seq_rm [100, end)
slot init_sampler: id  2 | task 583 | init sampler, took 0.01 ms, tokens: text = 101, total = 101
slot update_slots: id  2 | task 583 | prompt processing done, n_tokens = 101, batch.n_tokens = 1
slot print_timing: id  2 | task 583 | 
prompt eval time =      10.67 ms /     1 tokens (   10.67 ms per token,    93.69 tokens per second)
       eval time =      74.05 ms /     8 tokens (    9.26 ms per token,   108.03 tokens per second)
      total time =      84.72 ms /     9 tokens
slot      release: id  2 | task 583 | stop processing: n_tokens = 108, truncated = 0
srv  update_slots: all slots are idle
srv  log_server_r: done request: POST /completion 127.0.0.1 200
slot get_availabl: id  2 | task -1 | selected slot by LCP similarity, sim_best = 0.990 (> 0.100 thold), f_keep = 0.944
slot launch_slot_: id  2 | task -1 | sampler chain: logits -> top-k -> dist 
slot launch_slot_: id  2 | task 592 | processing task, is_child = 0
slot update_slots: id  2 | task 592 | new prompt, n_ctx_slot = 2048, n_keep = 0, task.n_tokens = 103
slot update_slots: id  2 | task 592 | n_tokens = 102, memory_seq_rm [102, end)
slot init_sampler: id  2 | task 592 | init sampler, took 0.01 ms, tokens: text = 103, total = 103
slot update_slots: id  2 | task 592 | prompt processing done, n_tokens = 103, batch.n_tokens = 1
slot print_timing: id  2 | task 592 | 
prompt eval time =      11.22 ms /     1 tokens (   11.22 ms per token,    89.09 tokens per second)
       eval time =      74.83 ms /     8 tokens (    9.35 ms per token,   106.91 tokens per second)
      total time =      86.05 ms /     9 tokens
slot      release: id  2 | task 592 | stop processing: n_tokens = 110, truncated = 0
srv  update_slots: all slots are idle
srv  log_server_r: done request: POST /completion 127.0.0.1 200
slot get_availabl: id  2 | task -1 | selected slot by LCP similarity, sim_best = 0.991 (> 0.100 thold), f_keep = 0.973
slot launch_slot_: id  2 | task -1 | sampler chain: logits -> top-k -> dist 
slot launch_slot_: id  2 | task 601 | processing task, is_child = 0
slot update_slots: id  2 | task 601 | new prompt, n_ctx_slot = 2048, n_keep = 0, task.n_tokens = 108
slot update_slots: id  2 | task 601 | n_tokens = 107, memory_seq_rm [107, end)
slot init_sampler: id  2 | task 601 | init sampler, took 0.01 ms, tokens: text = 108, total = 108
slot update_slots: id  2 | task 601 | prompt processing done, n_tokens = 108, batch.n_tokens = 1
slot print_timing: id  2 | task 601 | 
prompt eval time =      10.85 ms /     1 tokens (   10.85 ms per token,    92.19 tokens per second)
       eval time =      76.53 ms /     8 tokens (    9.57 ms per token,   104.53 tokens per second)
      total time =      87.38 ms /     9 tokens
slot      release: id  2 | task 601 | stop processing: n_tokens = 115, truncated = 0
srv  update_slots: all slots are idle
srv  log_server_r: done request: POST /completion 127.0.0.1 200
slot get_availabl: id  2 | task -1 | selected slot by LCP similarity, sim_best = 0.983 (> 0.100 thold), f_keep = 1.000
slot launch_slot_: id  2 | task -1 | sampler chain: logits -> top-k -> dist 
slot launch_slot_: id  2 | task 610 | processing task, is_child = 0
slot update_slots: id  2 | task 610 | new prompt, n_ctx_slot = 2048, n_keep = 0, task.n_tokens = 117
slot update_slots: id  2 | task 610 | n_tokens = 115, memory_seq_rm [115, end)
slot init_sampler: id  2 | task 610 | init sampler, took 0.01 ms, tokens: text = 117, total = 117
slot update_slots: id  2 | task 610 | prompt processing done, n_tokens = 117, batch.n_tokens = 2
slot print_timing: id  2 | task 610 | 
prompt eval time =      74.41 ms /     2 tokens (   37.21 ms per token,    26.88 tokens per second)
       eval time =      75.58 ms /     8 tokens (    9.45 ms per token,   105.85 tokens per second)
      total time =     149.99 ms /    10 tokens
slot      release: id  2 | task 610 | stop processing: n_tokens = 124, truncated = 0
srv  update_slots: all slots are idle
srv  log_server_r: done request: POST /completion 127.0.0.1 200
slot get_availabl: id  2 | task -1 | selected slot by LCP similarity, sim_best = 0.984 (> 0.100 thold), f_keep = 1.000
slot launch_slot_: id  2 | task -1 | sampler chain: logits -> top-k -> dist 
slot launch_slot_: id  2 | task 619 | processing task, is_child = 0
slot update_slots: id  2 | task 619 | new prompt, n_ctx_slot = 2048, n_keep = 0, task.n_tokens = 126
slot update_slots: id  2 | task 619 | n_tokens = 124, memory_seq_rm [124, end)
slot init_sampler: id  2 | task 619 | init sampler, took 0.02 ms, tokens: text = 126, total = 126
slot update_slots: id  2 | task 619 | prompt processing done, n_tokens = 126, batch.n_tokens = 2
slot print_timing: id  2 | task 619 | 
prompt eval time =      74.79 ms /     2 tokens (   37.40 ms per token,    26.74 tokens per second)
       eval time =      76.95 ms /     8 tokens (    9.62 ms per token,   103.96 tokens per second)
      total time =     151.74 ms /    10 tokens
slot      release: id  2 | task 619 | stop processing: n_tokens = 133, truncated = 0
srv  update_slots: all slots are idle
srv  log_server_r: done request: POST /completion 127.0.0.1 200
slot get_availabl: id  2 | task -1 | selected slot by LCP similarity, sim_best = 0.985 (> 0.100 thold), f_keep = 1.000
slot launch_slot_: id  2 | task -1 | sampler chain: logits -> top-k -> dist 
slot launch_slot_: id  2 | task 628 | processing task, is_child = 0
slot update_slots: id  2 | task 628 | new prompt, n_ctx_slot = 2048, n_keep = 0, task.n_tokens = 135
slot update_slots: id  2 | task 628 | n_tokens = 133, memory_seq_rm [133, end)
slot init_sampler: id  2 | task 628 | init sampler, took 0.02 ms, tokens: text = 135, total = 135
slot update_slots: id  2 | task 628 | prompt processing done, n_tokens = 135, batch.n_tokens = 2
slot print_timing: id  2 | task 628 | 
prompt eval time =      76.04 ms /     2 tokens (   38.02 ms per token,    26.30 tokens per second)
       eval time =      77.36 ms /     8 tokens (    9.67 ms per token,   103.41 tokens per second)
      total time =     153.40 ms /    10 tokens
slot      release: id  2 | task 628 | stop processing: n_tokens = 142, truncated = 0
srv  update_slots: all slots are idle
srv  log_server_r: done request: POST /completion 127.0.0.1 200
slot get_availabl: id  2 | task -1 | selected slot by LCP similarity, sim_best = 0.986 (> 0.100 thold), f_keep = 1.000
slot launch_slot_: id  2 | task -1 | sampler chain: logits -> top-k -> dist 
slot launch_slot_: id  2 | task 637 | processing task, is_child = 0
slot update_slots: id  2 | task 637 | new prompt, n_ctx_slot = 2048, n_keep = 0, task.n_tokens = 144
slot update_slots: id  2 | task 637 | n_tokens = 142, memory_seq_rm [142, end)
slot init_sampler: id  2 | task 637 | init sampler, took 0.02 ms, tokens: text = 144, total = 144
slot update_slots: id  2 | task 637 | prompt processing done, n_tokens = 144, batch.n_tokens = 2
slot print_timing: id  2 | task 637 | 
prompt eval time =      73.64 ms /     2 tokens (   36.82 ms per token,    27.16 tokens per second)
       eval time =      75.99 ms /     8 tokens (    9.50 ms per token,   105.28 tokens per second)
      total time =     149.62 ms /    10 tokens
slot      release: id  2 | task 637 | stop processing: n_tokens = 151, truncated = 0
srv  update_slots: all slots are idle
srv  log_server_r: done request: POST /completion 127.0.0.1 200
slot get_availabl: id  2 | task -1 | selected slot by LCP similarity, sim_best = 0.987 (> 0.100 thold), f_keep = 1.000
slot launch_slot_: id  2 | task -1 | sampler chain: logits -> top-k -> dist 
slot launch_slot_: id  2 | task 646 | processing task, is_child = 0
slot update_slots: id  2 | task 646 | new prompt, n_ctx_slot = 2048, n_keep = 0, task.n_tokens = 153
slot update_slots: id  2 | task 646 | n_tokens = 151, memory_seq_rm [151, end)
slot init_sampler: id  2 | task 646 | init sampler, took 0.02 ms, tokens: text = 153, total = 153
slot update_slots: id  2 | task 646 | prompt processing done, n_tokens = 153, batch.n_tokens = 2
slot print_timing: id  2 | task 646 | 
prompt eval time =      77.27 ms /     2 tokens (   38.63 ms per token,    25.88 tokens per second)
       eval time =      77.92 ms /     8 tokens (    9.74 ms per token,   102.68 tokens per second)
      total time =     155.18 ms /    10 tokens
slot      release: id  2 | task 646 | stop processing: n_tokens = 160, truncated = 0
srv  update_slots: all slots are idle
srv  log_server_r: done request: POST /completion 127.0.0.1 200
slot get_availabl: id  2 | task -1 | selected slot by LCP similarity, sim_best = 1.000 (> 0.100 thold), f_keep = 0.206
srv  get_availabl: updating prompt cache
srv   prompt_save:  - saving prompt with length 160, total state size = 17.502 MiB (draft: 0.000 MiB)
srv         alloc:  - prompt is already in the cache, skipping
srv          load:  - looking for better prompt, base f_keep = 0.206, sim = 1.000
srv        update:  - cache state: 2 prompts, 18.378 MiB (limits: 8192.000 MiB, 2048 tokens, 74885 est)
srv        update:    - prompt 000000800B0F5190:       7 tokens, checkpoints:  0,     0.766 MiB
srv        update:    - prompt 000000800B0F7490:     161 tokens, checkpoints:  0,    17.612 MiB
srv  get_availabl: prompt cache update took 0.02 ms
slot launch_slot_: id  2 | task -1 | sampler chain: logits -> top-k -> dist 
slot launch_slot_: id  2 | task 655 | processing task, is_child = 0
slot update_slots: id  2 | task 655 | new prompt, n_ctx_slot = 2048, n_keep = 0, task.n_tokens = 33
slot update_slots: id  2 | task 655 | need to evaluate at least 1 token for each active slot (n_past = 33, task.n_tokens() = 33)
slot update_slots: id  2 | task 655 | n_past was set to 32
slot update_slots: id  2 | task 655 | n_tokens = 32, memory_seq_rm [32, end)
slot init_sampler: id  2 | task 655 | init sampler, took 0.01 ms, tokens: text = 33, total = 33
slot update_slots: id  2 | task 655 | prompt processing done, n_tokens = 33, batch.n_tokens = 1
slot print_timing: id  2 | task 655 | 
prompt eval time =      10.88 ms /     1 tokens (   10.88 ms per token,    91.92 tokens per second)
       eval time =      10.54 ms /     2 tokens (    5.27 ms per token,   189.79 tokens per second)
      total time =      21.42 ms /     3 tokens
slot      release: id  2 | task 655 | stop processing: n_tokens = 34, truncated = 0
srv  update_slots: all slots are idle
srv  log_server_r: done request: POST /completion 127.0.0.1 200
slot get_availabl: id  2 | task -1 | selected slot by LCP similarity, sim_best = 0.971 (> 0.100 thold), f_keep = 1.000
slot launch_slot_: id  2 | task -1 | sampler chain: logits -> top-k -> dist 
slot launch_slot_: id  2 | task 658 | processing task, is_child = 0
slot update_slots: id  2 | task 658 | new prompt, n_ctx_slot = 2048, n_keep = 0, task.n_tokens = 35
slot update_slots: id  2 | task 658 | n_tokens = 34, memory_seq_rm [34, end)
slot init_sampler: id  2 | task 658 | init sampler, took 0.01 ms, tokens: text = 35, total = 35
slot update_slots: id  2 | task 658 | prompt processing done, n_tokens = 35, batch.n_tokens = 1
slot print_timing: id  2 | task 658 | 
prompt eval time =      11.00 ms /     1 tokens (   11.00 ms per token,    90.91 tokens per second)
       eval time =      10.41 ms /     2 tokens (    5.21 ms per token,   192.09 tokens per second)
      total time =      21.41 ms /     3 tokens
slot      release: id  2 | task 658 | stop processing: n_tokens = 36, truncated = 0
srv  update_slots: all slots are idle
srv  log_server_r: done request: POST /completion 127.0.0.1 200
slot get_availabl: id  2 | task -1 | selected slot by LCP similarity, sim_best = 0.947 (> 0.100 thold), f_keep = 1.000
slot launch_slot_: id  2 | task -1 | sampler chain: logits -> top-k -> dist 
slot launch_slot_: id  2 | task 661 | processing task, is_child = 0
slot update_slots: id  2 | task 661 | new prompt, n_ctx_slot = 2048, n_keep = 0, task.n_tokens = 38
slot update_slots: id  2 | task 661 | n_tokens = 36, memory_seq_rm [36, end)
slot init_sampler: id  2 | task 661 | init sampler, took 0.01 ms, tokens: text = 38, total = 38
slot update_slots: id  2 | task 661 | prompt processing done, n_tokens = 38, batch.n_tokens = 2
slot print_timing: id  2 | task 661 | 
prompt eval time =      75.12 ms /     2 tokens (   37.56 ms per token,    26.63 tokens per second)
       eval time =      11.34 ms /     2 tokens (    5.67 ms per token,   176.35 tokens per second)
      total time =      86.46 ms /     4 tokens
slot      release: id  2 | task 661 | stop processing: n_tokens = 39, truncated = 0
srv  update_slots: all slots are idle
srv  log_server_r: done request: POST /completion 127.0.0.1 200
slot get_availabl: id  2 | task -1 | selected slot by LCP similarity, sim_best = 0.974 (> 0.100 thold), f_keep = 0.974
slot launch_slot_: id  2 | task -1 | sampler chain: logits -> top-k -> dist 
slot launch_slot_: id  2 | task 664 | processing task, is_child = 0
slot update_slots: id  2 | task 664 | new prompt, n_ctx_slot = 2048, n_keep = 0, task.n_tokens = 39
slot update_slots: id  2 | task 664 | n_tokens = 38, memory_seq_rm [38, end)
slot init_sampler: id  2 | task 664 | init sampler, took 0.01 ms, tokens: text = 39, total = 39
slot update_slots: id  2 | task 664 | prompt processing done, n_tokens = 39, batch.n_tokens = 1
slot print_timing: id  2 | task 664 | 
prompt eval time =      11.22 ms /     1 tokens (   11.22 ms per token,    89.15 tokens per second)
       eval time =      10.88 ms /     2 tokens (    5.44 ms per token,   183.86 tokens per second)
      total time =      22.09 ms /     3 tokens
slot      release: id  2 | task 664 | stop processing: n_tokens = 40, truncated = 0
srv  update_slots: all slots are idle
srv  log_server_r: done request: POST /completion 127.0.0.1 200
slot get_availabl: id  2 | task -1 | selected slot by LCP similarity, sim_best = 0.975 (> 0.100 thold), f_keep = 0.975
slot launch_slot_: id  2 | task -1 | sampler chain: logits -> top-k -> dist 
slot launch_slot_: id  2 | task 667 | processing task, is_child = 0
slot update_slots: id  2 | task 667 | new prompt, n_ctx_slot = 2048, n_keep = 0, task.n_tokens = 40
slot update_slots: id  2 | task 667 | n_tokens = 39, memory_seq_rm [39, end)
slot init_sampler: id  2 | task 667 | init sampler, took 0.01 ms, tokens: text = 40, total = 40
slot update_slots: id  2 | task 667 | prompt processing done, n_tokens = 40, batch.n_tokens = 1
slot print_timing: id  2 | task 667 | 
prompt eval time =      11.65 ms /     1 tokens (   11.65 ms per token,    85.83 tokens per second)
       eval time =      11.62 ms /     2 tokens (    5.81 ms per token,   172.15 tokens per second)
      total time =      23.27 ms /     3 tokens
slot      release: id  2 | task 667 | stop processing: n_tokens = 41, truncated = 0
srv  update_slots: all slots are idle
srv  log_server_r: done request: POST /completion 127.0.0.1 200
slot get_availabl: id  2 | task -1 | selected slot by LCP similarity, sim_best = 0.976 (> 0.100 thold), f_keep = 1.000
slot launch_slot_: id  2 | task -1 | sampler chain: logits -> top-k -> dist 
slot launch_slot_: id  2 | task 670 | processing task, is_child = 0
slot update_slots: id  2 | task 670 | new prompt, n_ctx_slot = 2048, n_keep = 0, task.n_tokens = 42
slot update_slots: id  2 | task 670 | n_tokens = 41, memory_seq_rm [41, end)
slot init_sampler: id  2 | task 670 | init sampler, took 0.01 ms, tokens: text = 42, total = 42
slot update_slots: id  2 | task 670 | prompt processing done, n_tokens = 42, batch.n_tokens = 1
slot print_timing: id  2 | task 670 | 
prompt eval time =      10.83 ms /     1 tokens (   10.83 ms per token,    92.30 tokens per second)
       eval time =      10.44 ms /     2 tokens (    5.22 ms per token,   191.61 tokens per second)
      total time =      21.27 ms /     3 tokens
slot      release: id  2 | task 670 | stop processing: n_tokens = 43, truncated = 0
srv  update_slots: all slots are idle
srv  log_server_r: done request: POST /completion 127.0.0.1 200
slot get_availabl: id  2 | task -1 | selected slot by LCP similarity, sim_best = 0.977 (> 0.100 thold), f_keep = 0.977
slot launch_slot_: id  2 | task -1 | sampler chain: logits -> top-k -> dist 
slot launch_slot_: id  2 | task 673 | processing task, is_child = 0
slot update_slots: id  2 | task 673 | new prompt, n_ctx_slot = 2048, n_keep = 0, task.n_tokens = 43
slot update_slots: id  2 | task 673 | n_tokens = 42, memory_seq_rm [42, end)
slot init_sampler: id  2 | task 673 | init sampler, took 0.01 ms, tokens: text = 43, total = 43
slot update_slots: id  2 | task 673 | prompt processing done, n_tokens = 43, batch.n_tokens = 1
slot print_timing: id  2 | task 673 | 
prompt eval time =      10.93 ms /     1 tokens (   10.93 ms per token,    91.52 tokens per second)
       eval time =      10.43 ms /     2 tokens (    5.21 ms per token,   191.77 tokens per second)
      total time =      21.36 ms /     3 tokens
slot      release: id  2 | task 673 | stop processing: n_tokens = 44, truncated = 0
srv  update_slots: all slots are idle
srv  log_server_r: done request: POST /completion 127.0.0.1 200
slot get_availabl: id  2 | task -1 | selected slot by LCP similarity, sim_best = 0.957 (> 0.100 thold), f_keep = 1.000
slot launch_slot_: id  2 | task -1 | sampler chain: logits -> top-k -> dist 
slot launch_slot_: id  2 | task 676 | processing task, is_child = 0
slot update_slots: id  2 | task 676 | new prompt, n_ctx_slot = 2048, n_keep = 0, task.n_tokens = 46
slot update_slots: id  2 | task 676 | n_tokens = 44, memory_seq_rm [44, end)
slot init_sampler: id  2 | task 676 | init sampler, took 0.01 ms, tokens: text = 46, total = 46
slot update_slots: id  2 | task 676 | prompt processing done, n_tokens = 46, batch.n_tokens = 2
slot print_timing: id  2 | task 676 | 
prompt eval time =      73.81 ms /     2 tokens (   36.90 ms per token,    27.10 tokens per second)
       eval time =      10.99 ms /     2 tokens (    5.49 ms per token,   182.00 tokens per second)
      total time =      84.80 ms /     4 tokens
slot      release: id  2 | task 676 | stop processing: n_tokens = 47, truncated = 0
srv  update_slots: all slots are idle
srv  log_server_r: done request: POST /completion 127.0.0.1 200
slot get_availabl: id  2 | task -1 | selected slot by LCP similarity, sim_best = 0.979 (> 0.100 thold), f_keep = 0.979
slot launch_slot_: id  2 | task -1 | sampler chain: logits -> top-k -> dist 
slot launch_slot_: id  2 | task 679 | processing task, is_child = 0
slot update_slots: id  2 | task 679 | new prompt, n_ctx_slot = 2048, n_keep = 0, task.n_tokens = 47
slot update_slots: id  2 | task 679 | n_tokens = 46, memory_seq_rm [46, end)
slot init_sampler: id  2 | task 679 | init sampler, took 0.03 ms, tokens: text = 47, total = 47
slot update_slots: id  2 | task 679 | prompt processing done, n_tokens = 47, batch.n_tokens = 1
slot print_timing: id  2 | task 679 | 
prompt eval time =      11.74 ms /     1 tokens (   11.74 ms per token,    85.16 tokens per second)
       eval time =      10.47 ms /     2 tokens (    5.24 ms per token,   190.99 tokens per second)
      total time =      22.21 ms /     3 tokens
slot      release: id  2 | task 679 | stop processing: n_tokens = 48, truncated = 0
srv  update_slots: all slots are idle
srv  log_server_r: done request: POST /completion 127.0.0.1 200
slot get_availabl: id  2 | task -1 | selected slot by LCP similarity, sim_best = 0.980 (> 0.100 thold), f_keep = 1.000
slot launch_slot_: id  2 | task -1 | sampler chain: logits -> top-k -> dist 
slot launch_slot_: id  2 | task 682 | processing task, is_child = 0
slot update_slots: id  2 | task 682 | new prompt, n_ctx_slot = 2048, n_keep = 0, task.n_tokens = 49
slot update_slots: id  2 | task 682 | n_tokens = 48, memory_seq_rm [48, end)
slot init_sampler: id  2 | task 682 | init sampler, took 0.01 ms, tokens: text = 49, total = 49
slot update_slots: id  2 | task 682 | prompt processing done, n_tokens = 49, batch.n_tokens = 1
slot print_timing: id  2 | task 682 | 
prompt eval time =      10.89 ms /     1 tokens (   10.89 ms per token,    91.81 tokens per second)
       eval time =      10.50 ms /     2 tokens (    5.25 ms per token,   190.40 tokens per second)
      total time =      21.40 ms /     3 tokens
slot      release: id  2 | task 682 | stop processing: n_tokens = 50, truncated = 0
srv  update_slots: all slots are idle
srv  log_server_r: done request: POST /completion 127.0.0.1 200
slot get_availabl: id  2 | task -1 | selected slot by LCP similarity, sim_best = 0.980 (> 0.100 thold), f_keep = 1.000
slot launch_slot_: id  2 | task -1 | sampler chain: logits -> top-k -> dist 
slot launch_slot_: id  2 | task 685 | processing task, is_child = 0
slot update_slots: id  2 | task 685 | new prompt, n_ctx_slot = 2048, n_keep = 0, task.n_tokens = 51
slot update_slots: id  2 | task 685 | n_tokens = 50, memory_seq_rm [50, end)
slot init_sampler: id  2 | task 685 | init sampler, took 0.01 ms, tokens: text = 51, total = 51
slot update_slots: id  2 | task 685 | prompt processing done, n_tokens = 51, batch.n_tokens = 1
slot print_timing: id  2 | task 685 | 
prompt eval time =      11.02 ms /     1 tokens (   11.02 ms per token,    90.74 tokens per second)
       eval time =      10.85 ms /     2 tokens (    5.43 ms per token,   184.30 tokens per second)
      total time =      21.87 ms /     3 tokens
slot      release: id  2 | task 685 | stop processing: n_tokens = 52, truncated = 0
srv  update_slots: all slots are idle
srv  log_server_r: done request: POST /completion 127.0.0.1 200
slot get_availabl: id  2 | task -1 | selected slot by LCP similarity, sim_best = 0.981 (> 0.100 thold), f_keep = 0.981
slot launch_slot_: id  2 | task -1 | sampler chain: logits -> top-k -> dist 
slot launch_slot_: id  2 | task 688 | processing task, is_child = 0
slot update_slots: id  2 | task 688 | new prompt, n_ctx_slot = 2048, n_keep = 0, task.n_tokens = 52
slot update_slots: id  2 | task 688 | n_tokens = 51, memory_seq_rm [51, end)
slot init_sampler: id  2 | task 688 | init sampler, took 0.01 ms, tokens: text = 52, total = 52
slot update_slots: id  2 | task 688 | prompt processing done, n_tokens = 52, batch.n_tokens = 1
slot print_timing: id  2 | task 688 | 
prompt eval time =      11.10 ms /     1 tokens (   11.10 ms per token,    90.09 tokens per second)
       eval time =      10.57 ms /     2 tokens (    5.29 ms per token,   189.13 tokens per second)
      total time =      21.67 ms /     3 tokens
slot      release: id  2 | task 688 | stop processing: n_tokens = 53, truncated = 0
srv  update_slots: all slots are idle
srv  log_server_r: done request: POST /completion 127.0.0.1 200
slot get_availabl: id  2 | task -1 | selected slot by LCP similarity, sim_best = 0.981 (> 0.100 thold), f_keep = 0.981
slot launch_slot_: id  2 | task -1 | sampler chain: logits -> top-k -> dist 
slot launch_slot_: id  2 | task 691 | processing task, is_child = 0
slot update_slots: id  2 | task 691 | new prompt, n_ctx_slot = 2048, n_keep = 0, task.n_tokens = 53
slot update_slots: id  2 | task 691 | n_tokens = 52, memory_seq_rm [52, end)
slot init_sampler: id  2 | task 691 | init sampler, took 0.01 ms, tokens: text = 53, total = 53
slot update_slots: id  2 | task 691 | prompt processing done, n_tokens = 53, batch.n_tokens = 1
slot print_timing: id  2 | task 691 | 
prompt eval time =      10.87 ms /     1 tokens (   10.87 ms per token,    92.02 tokens per second)
       eval time =      10.52 ms /     2 tokens (    5.26 ms per token,   190.17 tokens per second)
      total time =      21.38 ms /     3 tokens
slot      release: id  2 | task 691 | stop processing: n_tokens = 54, truncated = 0
srv  update_slots: all slots are idle
srv  log_server_r: done request: POST /completion 127.0.0.1 200
slot get_availabl: id  2 | task -1 | selected slot by LCP similarity, sim_best = 0.981 (> 0.100 thold), f_keep = 0.981
slot launch_slot_: id  2 | task -1 | sampler chain: logits -> top-k -> dist 
slot launch_slot_: id  2 | task 694 | processing task, is_child = 0
slot update_slots: id  2 | task 694 | new prompt, n_ctx_slot = 2048, n_keep = 0, task.n_tokens = 54
slot update_slots: id  2 | task 694 | n_tokens = 53, memory_seq_rm [53, end)
slot init_sampler: id  2 | task 694 | init sampler, took 0.01 ms, tokens: text = 54, total = 54
slot update_slots: id  2 | task 694 | prompt processing done, n_tokens = 54, batch.n_tokens = 1
slot print_timing: id  2 | task 694 | 
prompt eval time =      11.06 ms /     1 tokens (   11.06 ms per token,    90.45 tokens per second)
       eval time =      11.02 ms /     2 tokens (    5.51 ms per token,   181.49 tokens per second)
      total time =      22.08 ms /     3 tokens
slot      release: id  2 | task 694 | stop processing: n_tokens = 55, truncated = 0
srv  update_slots: all slots are idle
srv  log_server_r: done request: POST /completion 127.0.0.1 200
slot get_availabl: id  2 | task -1 | selected slot by LCP similarity, sim_best = 0.965 (> 0.100 thold), f_keep = 1.000
slot launch_slot_: id  2 | task -1 | sampler chain: logits -> top-k -> dist 
slot launch_slot_: id  2 | task 697 | processing task, is_child = 0
slot update_slots: id  2 | task 697 | new prompt, n_ctx_slot = 2048, n_keep = 0, task.n_tokens = 57
slot update_slots: id  2 | task 697 | n_tokens = 55, memory_seq_rm [55, end)
slot init_sampler: id  2 | task 697 | init sampler, took 0.01 ms, tokens: text = 57, total = 57
slot update_slots: id  2 | task 697 | prompt processing done, n_tokens = 57, batch.n_tokens = 2
slot print_timing: id  2 | task 697 | 
prompt eval time =      73.18 ms /     2 tokens (   36.59 ms per token,    27.33 tokens per second)
       eval time =      15.21 ms /     2 tokens (    7.61 ms per token,   131.48 tokens per second)
      total time =      88.39 ms /     4 tokens
slot      release: id  2 | task 697 | stop processing: n_tokens = 58, truncated = 0
srv  update_slots: all slots are idle
srv  log_server_r: done request: POST /completion 127.0.0.1 200
slot get_availabl: id  2 | task -1 | selected slot by LCP similarity, sim_best = 0.967 (> 0.100 thold), f_keep = 1.000
slot launch_slot_: id  2 | task -1 | sampler chain: logits -> top-k -> dist 
slot launch_slot_: id  2 | task 700 | processing task, is_child = 0
slot update_slots: id  2 | task 700 | new prompt, n_ctx_slot = 2048, n_keep = 0, task.n_tokens = 60
slot update_slots: id  2 | task 700 | n_tokens = 58, memory_seq_rm [58, end)
slot init_sampler: id  2 | task 700 | init sampler, took 0.01 ms, tokens: text = 60, total = 60
slot update_slots: id  2 | task 700 | prompt processing done, n_tokens = 60, batch.n_tokens = 2
slot print_timing: id  2 | task 700 | 
prompt eval time =      75.23 ms /     2 tokens (   37.62 ms per token,    26.58 tokens per second)
       eval time =      11.53 ms /     2 tokens (    5.76 ms per token,   173.49 tokens per second)
      total time =      86.76 ms /     4 tokens
slot      release: id  2 | task 700 | stop processing: n_tokens = 61, truncated = 0
srv  update_slots: all slots are idle
srv  log_server_r: done request: POST /completion 127.0.0.1 200
slot get_availabl: id  2 | task -1 | selected slot by LCP similarity, sim_best = 0.984 (> 0.100 thold), f_keep = 0.984
slot launch_slot_: id  2 | task -1 | sampler chain: logits -> top-k -> dist 
slot launch_slot_: id  2 | task 703 | processing task, is_child = 0
slot update_slots: id  2 | task 703 | new prompt, n_ctx_slot = 2048, n_keep = 0, task.n_tokens = 61
slot update_slots: id  2 | task 703 | n_tokens = 60, memory_seq_rm [60, end)
slot init_sampler: id  2 | task 703 | init sampler, took 0.01 ms, tokens: text = 61, total = 61
slot update_slots: id  2 | task 703 | prompt processing done, n_tokens = 61, batch.n_tokens = 1
slot print_timing: id  2 | task 703 | 
prompt eval time =      10.84 ms /     1 tokens (   10.84 ms per token,    92.29 tokens per second)
       eval time =      10.44 ms /     2 tokens (    5.22 ms per token,   191.63 tokens per second)
      total time =      21.27 ms /     3 tokens
slot      release: id  2 | task 703 | stop processing: n_tokens = 62, truncated = 0
srv  update_slots: all slots are idle
srv  log_server_r: done request: POST /completion 127.0.0.1 200
slot get_availabl: id  2 | task -1 | selected slot by LCP similarity, sim_best = 0.969 (> 0.100 thold), f_keep = 1.000
slot launch_slot_: id  2 | task -1 | sampler chain: logits -> top-k -> dist 
slot launch_slot_: id  2 | task 706 | processing task, is_child = 0
slot update_slots: id  2 | task 706 | new prompt, n_ctx_slot = 2048, n_keep = 0, task.n_tokens = 64
slot update_slots: id  2 | task 706 | n_tokens = 62, memory_seq_rm [62, end)
slot init_sampler: id  2 | task 706 | init sampler, took 0.01 ms, tokens: text = 64, total = 64
slot update_slots: id  2 | task 706 | prompt processing done, n_tokens = 64, batch.n_tokens = 2
slot print_timing: id  2 | task 706 | 
prompt eval time =      72.33 ms /     2 tokens (   36.17 ms per token,    27.65 tokens per second)
       eval time =      10.98 ms /     2 tokens (    5.49 ms per token,   182.07 tokens per second)
      total time =      83.32 ms /     4 tokens
slot      release: id  2 | task 706 | stop processing: n_tokens = 65, truncated = 0
srv  update_slots: all slots are idle
srv  log_server_r: done request: POST /completion 127.0.0.1 200
slot get_availabl: id  2 | task -1 | selected slot by LCP similarity, sim_best = 0.970 (> 0.100 thold), f_keep = 1.000
slot launch_slot_: id  2 | task -1 | sampler chain: logits -> top-k -> dist 
slot launch_slot_: id  2 | task 709 | processing task, is_child = 0
slot update_slots: id  2 | task 709 | new prompt, n_ctx_slot = 2048, n_keep = 0, task.n_tokens = 67
slot update_slots: id  2 | task 709 | n_tokens = 65, memory_seq_rm [65, end)
slot init_sampler: id  2 | task 709 | init sampler, took 0.01 ms, tokens: text = 67, total = 67
slot update_slots: id  2 | task 709 | prompt processing done, n_tokens = 67, batch.n_tokens = 2
slot print_timing: id  2 | task 709 | 
prompt eval time =      73.06 ms /     2 tokens (   36.53 ms per token,    27.37 tokens per second)
       eval time =      11.61 ms /     2 tokens (    5.81 ms per token,   172.25 tokens per second)
      total time =      84.67 ms /     4 tokens
slot      release: id  2 | task 709 | stop processing: n_tokens = 68, truncated = 0
srv  update_slots: all slots are idle
srv  log_server_r: done request: POST /completion 127.0.0.1 200
slot get_availabl: id  2 | task -1 | selected slot by LCP similarity, sim_best = 0.971 (> 0.100 thold), f_keep = 1.000
slot launch_slot_: id  2 | task -1 | sampler chain: logits -> top-k -> dist 
slot launch_slot_: id  2 | task 712 | processing task, is_child = 0
slot update_slots: id  2 | task 712 | new prompt, n_ctx_slot = 2048, n_keep = 0, task.n_tokens = 70
slot update_slots: id  2 | task 712 | n_tokens = 68, memory_seq_rm [68, end)
slot init_sampler: id  2 | task 712 | init sampler, took 0.01 ms, tokens: text = 70, total = 70
slot update_slots: id  2 | task 712 | prompt processing done, n_tokens = 70, batch.n_tokens = 2
slot print_timing: id  2 | task 712 | 
prompt eval time =      74.50 ms /     2 tokens (   37.25 ms per token,    26.85 tokens per second)
       eval time =      10.81 ms /     2 tokens (    5.41 ms per token,   184.95 tokens per second)
      total time =      85.31 ms /     4 tokens
slot      release: id  2 | task 712 | stop processing: n_tokens = 71, truncated = 0
srv  update_slots: all slots are idle
srv  log_server_r: done request: POST /completion 127.0.0.1 200
slot get_availabl: id  2 | task -1 | selected slot by LCP similarity, sim_best = 0.986 (> 0.100 thold), f_keep = 0.986
slot launch_slot_: id  2 | task -1 | sampler chain: logits -> top-k -> dist 
slot launch_slot_: id  2 | task 715 | processing task, is_child = 0
slot update_slots: id  2 | task 715 | new prompt, n_ctx_slot = 2048, n_keep = 0, task.n_tokens = 71
slot update_slots: id  2 | task 715 | n_tokens = 70, memory_seq_rm [70, end)
slot init_sampler: id  2 | task 715 | init sampler, took 0.01 ms, tokens: text = 71, total = 71
slot update_slots: id  2 | task 715 | prompt processing done, n_tokens = 71, batch.n_tokens = 1
slot print_timing: id  2 | task 715 | 
prompt eval time =      10.96 ms /     1 tokens (   10.96 ms per token,    91.20 tokens per second)
       eval time =      10.37 ms /     2 tokens (    5.18 ms per token,   192.90 tokens per second)
      total time =      21.33 ms /     3 tokens
slot      release: id  2 | task 715 | stop processing: n_tokens = 72, truncated = 0
srv  update_slots: all slots are idle
srv  log_server_r: done request: POST /completion 127.0.0.1 200
slot get_availabl: id  2 | task -1 | selected slot by LCP similarity, sim_best = 0.973 (> 0.100 thold), f_keep = 1.000
slot launch_slot_: id  2 | task -1 | sampler chain: logits -> top-k -> dist 
slot launch_slot_: id  2 | task 718 | processing task, is_child = 0
slot update_slots: id  2 | task 718 | new prompt, n_ctx_slot = 2048, n_keep = 0, task.n_tokens = 74
slot update_slots: id  2 | task 718 | n_tokens = 72, memory_seq_rm [72, end)
slot init_sampler: id  2 | task 718 | init sampler, took 0.01 ms, tokens: text = 74, total = 74
slot update_slots: id  2 | task 718 | prompt processing done, n_tokens = 74, batch.n_tokens = 2
slot print_timing: id  2 | task 718 | 
prompt eval time =      73.64 ms /     2 tokens (   36.82 ms per token,    27.16 tokens per second)
       eval time =      11.29 ms /     2 tokens (    5.65 ms per token,   177.07 tokens per second)
      total time =      84.94 ms /     4 tokens
slot      release: id  2 | task 718 | stop processing: n_tokens = 75, truncated = 0
srv  update_slots: all slots are idle
srv  log_server_r: done request: POST /completion 127.0.0.1 200
slot get_availabl: id  2 | task -1 | selected slot by LCP similarity, sim_best = 0.987 (> 0.100 thold), f_keep = 0.987
slot launch_slot_: id  2 | task -1 | sampler chain: logits -> top-k -> dist 
slot launch_slot_: id  2 | task 721 | processing task, is_child = 0
slot update_slots: id  2 | task 721 | new prompt, n_ctx_slot = 2048, n_keep = 0, task.n_tokens = 75
slot update_slots: id  2 | task 721 | n_tokens = 74, memory_seq_rm [74, end)
slot init_sampler: id  2 | task 721 | init sampler, took 0.01 ms, tokens: text = 75, total = 75
slot update_slots: id  2 | task 721 | prompt processing done, n_tokens = 75, batch.n_tokens = 1
slot print_timing: id  2 | task 721 | 
prompt eval time =      10.95 ms /     1 tokens (   10.95 ms per token,    91.32 tokens per second)
       eval time =      10.38 ms /     2 tokens (    5.19 ms per token,   192.68 tokens per second)
      total time =      21.33 ms /     3 tokens
slot      release: id  2 | task 721 | stop processing: n_tokens = 76, truncated = 0
srv  update_slots: all slots are idle
srv  log_server_r: done request: POST /completion 127.0.0.1 200
slot get_availabl: id  2 | task -1 | selected slot by LCP similarity, sim_best = 0.974 (> 0.100 thold), f_keep = 1.000
slot launch_slot_: id  2 | task -1 | sampler chain: logits -> top-k -> dist 
slot launch_slot_: id  2 | task 724 | processing task, is_child = 0
slot update_slots: id  2 | task 724 | new prompt, n_ctx_slot = 2048, n_keep = 0, task.n_tokens = 78
slot update_slots: id  2 | task 724 | n_tokens = 76, memory_seq_rm [76, end)
slot init_sampler: id  2 | task 724 | init sampler, took 0.01 ms, tokens: text = 78, total = 78
slot update_slots: id  2 | task 724 | prompt processing done, n_tokens = 78, batch.n_tokens = 2
slot print_timing: id  2 | task 724 | 
prompt eval time =      71.43 ms /     2 tokens (   35.72 ms per token,    28.00 tokens per second)
       eval time =      11.29 ms /     2 tokens (    5.64 ms per token,   177.16 tokens per second)
      total time =      82.72 ms /     4 tokens
slot      release: id  2 | task 724 | stop processing: n_tokens = 79, truncated = 0
srv  update_slots: all slots are idle
srv  log_server_r: done request: POST /completion 127.0.0.1 200
slot get_availabl: id  2 | task -1 | selected slot by LCP similarity, sim_best = 0.988 (> 0.100 thold), f_keep = 1.000
slot launch_slot_: id  2 | task -1 | sampler chain: logits -> top-k -> dist 
slot launch_slot_: id  2 | task 727 | processing task, is_child = 0
slot update_slots: id  2 | task 727 | new prompt, n_ctx_slot = 2048, n_keep = 0, task.n_tokens = 80
slot update_slots: id  2 | task 727 | n_tokens = 79, memory_seq_rm [79, end)
slot init_sampler: id  2 | task 727 | init sampler, took 0.01 ms, tokens: text = 80, total = 80
slot update_slots: id  2 | task 727 | prompt processing done, n_tokens = 80, batch.n_tokens = 1
slot print_timing: id  2 | task 727 | 
prompt eval time =      11.03 ms /     1 tokens (   11.03 ms per token,    90.70 tokens per second)
       eval time =      10.86 ms /     2 tokens (    5.43 ms per token,   184.11 tokens per second)
      total time =      21.89 ms /     3 tokens
slot      release: id  2 | task 727 | stop processing: n_tokens = 81, truncated = 0
srv  update_slots: all slots are idle
srv  log_server_r: done request: POST /completion 127.0.0.1 200
slot get_availabl: id  2 | task -1 | selected slot by LCP similarity, sim_best = 0.976 (> 0.100 thold), f_keep = 1.000
slot launch_slot_: id  2 | task -1 | sampler chain: logits -> top-k -> dist 
slot launch_slot_: id  2 | task 730 | processing task, is_child = 0
slot update_slots: id  2 | task 730 | new prompt, n_ctx_slot = 2048, n_keep = 0, task.n_tokens = 83
slot update_slots: id  2 | task 730 | n_tokens = 81, memory_seq_rm [81, end)
slot init_sampler: id  2 | task 730 | init sampler, took 0.01 ms, tokens: text = 83, total = 83
slot update_slots: id  2 | task 730 | prompt processing done, n_tokens = 83, batch.n_tokens = 2
slot print_timing: id  2 | task 730 | 
prompt eval time =      73.08 ms /     2 tokens (   36.54 ms per token,    27.37 tokens per second)
       eval time =      11.38 ms /     2 tokens (    5.69 ms per token,   175.73 tokens per second)
      total time =      84.47 ms /     4 tokens
slot      release: id  2 | task 730 | stop processing: n_tokens = 84, truncated = 0
srv  update_slots: all slots are idle
srv  log_server_r: done request: POST /completion 127.0.0.1 200
slot get_availabl: id  2 | task -1 | selected slot by LCP similarity, sim_best = 0.977 (> 0.100 thold), f_keep = 1.000
slot launch_slot_: id  2 | task -1 | sampler chain: logits -> top-k -> dist 
slot launch_slot_: id  2 | task 733 | processing task, is_child = 0
slot update_slots: id  2 | task 733 | new prompt, n_ctx_slot = 2048, n_keep = 0, task.n_tokens = 86
slot update_slots: id  2 | task 733 | n_tokens = 84, memory_seq_rm [84, end)
slot init_sampler: id  2 | task 733 | init sampler, took 0.01 ms, tokens: text = 86, total = 86
slot update_slots: id  2 | task 733 | prompt processing done, n_tokens = 86, batch.n_tokens = 2
slot print_timing: id  2 | task 733 | 
prompt eval time =      74.82 ms /     2 tokens (   37.41 ms per token,    26.73 tokens per second)
       eval time =      12.20 ms /     2 tokens (    6.10 ms per token,   163.96 tokens per second)
      total time =      87.02 ms /     4 tokens
slot      release: id  2 | task 733 | stop processing: n_tokens = 87, truncated = 0
srv  update_slots: all slots are idle
srv  log_server_r: done request: POST /completion 127.0.0.1 200
slot get_availabl: id  2 | task -1 | selected slot by LCP similarity, sim_best = 0.989 (> 0.100 thold), f_keep = 0.989
slot launch_slot_: id  2 | task -1 | sampler chain: logits -> top-k -> dist 
slot launch_slot_: id  2 | task 736 | processing task, is_child = 0
slot update_slots: id  2 | task 736 | new prompt, n_ctx_slot = 2048, n_keep = 0, task.n_tokens = 87
slot update_slots: id  2 | task 736 | n_tokens = 86, memory_seq_rm [86, end)
slot init_sampler: id  2 | task 736 | init sampler, took 0.01 ms, tokens: text = 87, total = 87
slot update_slots: id  2 | task 736 | prompt processing done, n_tokens = 87, batch.n_tokens = 1
slot print_timing: id  2 | task 736 | 
prompt eval time =      11.63 ms /     1 tokens (   11.63 ms per token,    86.01 tokens per second)
       eval time =      10.99 ms /     2 tokens (    5.50 ms per token,   181.92 tokens per second)
      total time =      22.62 ms /     3 tokens
slot      release: id  2 | task 736 | stop processing: n_tokens = 88, truncated = 0
srv  update_slots: all slots are idle
srv  log_server_r: done request: POST /completion 127.0.0.1 200
slot get_availabl: id  2 | task -1 | selected slot by LCP similarity, sim_best = 0.989 (> 0.100 thold), f_keep = 1.000
slot launch_slot_: id  2 | task -1 | sampler chain: logits -> top-k -> dist 
slot launch_slot_: id  2 | task 739 | processing task, is_child = 0
slot update_slots: id  2 | task 739 | new prompt, n_ctx_slot = 2048, n_keep = 0, task.n_tokens = 89
slot update_slots: id  2 | task 739 | n_tokens = 88, memory_seq_rm [88, end)
slot init_sampler: id  2 | task 739 | init sampler, took 0.01 ms, tokens: text = 89, total = 89
slot update_slots: id  2 | task 739 | prompt processing done, n_tokens = 89, batch.n_tokens = 1
slot print_timing: id  2 | task 739 | 
prompt eval time =      11.03 ms /     1 tokens (   11.03 ms per token,    90.65 tokens per second)
       eval time =      10.61 ms /     2 tokens (    5.30 ms per token,   188.50 tokens per second)
      total time =      21.64 ms /     3 tokens
slot      release: id  2 | task 739 | stop processing: n_tokens = 90, truncated = 0
srv  update_slots: all slots are idle
srv  log_server_r: done request: POST /completion 127.0.0.1 200
slot get_availabl: id  2 | task -1 | selected slot by LCP similarity, sim_best = 0.978 (> 0.100 thold), f_keep = 1.000
slot launch_slot_: id  2 | task -1 | sampler chain: logits -> top-k -> dist 
slot launch_slot_: id  2 | task 742 | processing task, is_child = 0
slot update_slots: id  2 | task 742 | new prompt, n_ctx_slot = 2048, n_keep = 0, task.n_tokens = 92
slot update_slots: id  2 | task 742 | n_tokens = 90, memory_seq_rm [90, end)
slot init_sampler: id  2 | task 742 | init sampler, took 0.01 ms, tokens: text = 92, total = 92
slot update_slots: id  2 | task 742 | prompt processing done, n_tokens = 92, batch.n_tokens = 2
slot print_timing: id  2 | task 742 | 
prompt eval time =      74.48 ms /     2 tokens (   37.24 ms per token,    26.85 tokens per second)
       eval time =      11.47 ms /     2 tokens (    5.73 ms per token,   174.41 tokens per second)
      total time =      85.95 ms /     4 tokens
slot      release: id  2 | task 742 | stop processing: n_tokens = 93, truncated = 0
srv  update_slots: all slots are idle
srv  log_server_r: done request: POST /completion 127.0.0.1 200
slot get_availabl: id  2 | task -1 | selected slot by LCP similarity, sim_best = 0.989 (> 0.100 thold), f_keep = 1.000
slot launch_slot_: id  2 | task -1 | sampler chain: logits -> top-k -> dist 
slot launch_slot_: id  2 | task 745 | processing task, is_child = 0
slot update_slots: id  2 | task 745 | new prompt, n_ctx_slot = 2048, n_keep = 0, task.n_tokens = 94
slot update_slots: id  2 | task 745 | n_tokens = 93, memory_seq_rm [93, end)
slot init_sampler: id  2 | task 745 | init sampler, took 0.03 ms, tokens: text = 94, total = 94
slot update_slots: id  2 | task 745 | prompt processing done, n_tokens = 94, batch.n_tokens = 1
slot print_timing: id  2 | task 745 | 
prompt eval time =      10.78 ms /     1 tokens (   10.78 ms per token,    92.79 tokens per second)
       eval time =      10.43 ms /     2 tokens (    5.21 ms per token,   191.85 tokens per second)
      total time =      21.20 ms /     3 tokens
slot      release: id  2 | task 745 | stop processing: n_tokens = 95, truncated = 0
srv  update_slots: all slots are idle
srv  log_server_r: done request: POST /completion 127.0.0.1 200
slot get_availabl: id  2 | task -1 | selected slot by LCP similarity, sim_best = 0.979 (> 0.100 thold), f_keep = 1.000
slot launch_slot_: id  2 | task -1 | sampler chain: logits -> top-k -> dist 
slot launch_slot_: id  2 | task 748 | processing task, is_child = 0
slot update_slots: id  2 | task 748 | new prompt, n_ctx_slot = 2048, n_keep = 0, task.n_tokens = 97
slot update_slots: id  2 | task 748 | n_tokens = 95, memory_seq_rm [95, end)
slot init_sampler: id  2 | task 748 | init sampler, took 0.01 ms, tokens: text = 97, total = 97
slot update_slots: id  2 | task 748 | prompt processing done, n_tokens = 97, batch.n_tokens = 2
slot print_timing: id  2 | task 748 | 
prompt eval time =      72.07 ms /     2 tokens (   36.03 ms per token,    27.75 tokens per second)
       eval time =      10.82 ms /     2 tokens (    5.41 ms per token,   184.86 tokens per second)
      total time =      82.89 ms /     4 tokens
slot      release: id  2 | task 748 | stop processing: n_tokens = 98, truncated = 0
srv  update_slots: all slots are idle
srv  log_server_r: done request: POST /completion 127.0.0.1 200
slot get_availabl: id  2 | task -1 | selected slot by LCP similarity, sim_best = 0.980 (> 0.100 thold), f_keep = 1.000
slot launch_slot_: id  2 | task -1 | sampler chain: logits -> top-k -> dist 
slot launch_slot_: id  2 | task 751 | processing task, is_child = 0
slot update_slots: id  2 | task 751 | new prompt, n_ctx_slot = 2048, n_keep = 0, task.n_tokens = 100
slot update_slots: id  2 | task 751 | n_tokens = 98, memory_seq_rm [98, end)
slot init_sampler: id  2 | task 751 | init sampler, took 0.01 ms, tokens: text = 100, total = 100
slot update_slots: id  2 | task 751 | prompt processing done, n_tokens = 100, batch.n_tokens = 2
slot print_timing: id  2 | task 751 | 
prompt eval time =      73.92 ms /     2 tokens (   36.96 ms per token,    27.06 tokens per second)
       eval time =      10.91 ms /     2 tokens (    5.45 ms per token,   183.35 tokens per second)
      total time =      84.83 ms /     4 tokens
slot      release: id  2 | task 751 | stop processing: n_tokens = 101, truncated = 0
srv  update_slots: all slots are idle
srv  log_server_r: done request: POST /completion 127.0.0.1 200
slot get_availabl: id  2 | task -1 | selected slot by LCP similarity, sim_best = 0.990 (> 0.100 thold), f_keep = 0.990
slot launch_slot_: id  2 | task -1 | sampler chain: logits -> top-k -> dist 
slot launch_slot_: id  2 | task 754 | processing task, is_child = 0
slot update_slots: id  2 | task 754 | new prompt, n_ctx_slot = 2048, n_keep = 0, task.n_tokens = 101
slot update_slots: id  2 | task 754 | n_tokens = 100, memory_seq_rm [100, end)
slot init_sampler: id  2 | task 754 | init sampler, took 0.02 ms, tokens: text = 101, total = 101
slot update_slots: id  2 | task 754 | prompt processing done, n_tokens = 101, batch.n_tokens = 1
slot print_timing: id  2 | task 754 | 
prompt eval time =      11.14 ms /     1 tokens (   11.14 ms per token,    89.77 tokens per second)
       eval time =      10.51 ms /     2 tokens (    5.25 ms per token,   190.29 tokens per second)
      total time =      21.65 ms /     3 tokens
slot      release: id  2 | task 754 | stop processing: n_tokens = 102, truncated = 0
srv  update_slots: all slots are idle
srv  log_server_r: done request: POST /completion 127.0.0.1 200
slot get_availabl: id  2 | task -1 | selected slot by LCP similarity, sim_best = 0.990 (> 0.100 thold), f_keep = 1.000
slot launch_slot_: id  2 | task -1 | sampler chain: logits -> top-k -> dist 
slot launch_slot_: id  2 | task 757 | processing task, is_child = 0
slot update_slots: id  2 | task 757 | new prompt, n_ctx_slot = 2048, n_keep = 0, task.n_tokens = 103
slot update_slots: id  2 | task 757 | n_tokens = 102, memory_seq_rm [102, end)
slot init_sampler: id  2 | task 757 | init sampler, took 0.01 ms, tokens: text = 103, total = 103
slot update_slots: id  2 | task 757 | prompt processing done, n_tokens = 103, batch.n_tokens = 1
slot print_timing: id  2 | task 757 | 
prompt eval time =      11.92 ms /     1 tokens (   11.92 ms per token,    83.87 tokens per second)
       eval time =      10.84 ms /     2 tokens (    5.42 ms per token,   184.45 tokens per second)
      total time =      22.77 ms /     3 tokens
slot      release: id  2 | task 757 | stop processing: n_tokens = 104, truncated = 0
srv  update_slots: all slots are idle
srv  log_server_r: done request: POST /completion 127.0.0.1 200
slot get_availabl: id  2 | task -1 | selected slot by LCP similarity, sim_best = 0.981 (> 0.100 thold), f_keep = 1.000
slot launch_slot_: id  2 | task -1 | sampler chain: logits -> top-k -> dist 
slot launch_slot_: id  2 | task 760 | processing task, is_child = 0
slot update_slots: id  2 | task 760 | new prompt, n_ctx_slot = 2048, n_keep = 0, task.n_tokens = 106
slot update_slots: id  2 | task 760 | n_tokens = 104, memory_seq_rm [104, end)
slot init_sampler: id  2 | task 760 | init sampler, took 0.01 ms, tokens: text = 106, total = 106
slot update_slots: id  2 | task 760 | prompt processing done, n_tokens = 106, batch.n_tokens = 2
slot print_timing: id  2 | task 760 | 
prompt eval time =      74.59 ms /     2 tokens (   37.29 ms per token,    26.81 tokens per second)
       eval time =      10.89 ms /     2 tokens (    5.45 ms per token,   183.65 tokens per second)
      total time =      85.48 ms /     4 tokens
slot      release: id  2 | task 760 | stop processing: n_tokens = 107, truncated = 0
srv  update_slots: all slots are idle
srv  log_server_r: done request: POST /completion 127.0.0.1 200
slot get_availabl: id  2 | task -1 | selected slot by LCP similarity, sim_best = 0.991 (> 0.100 thold), f_keep = 1.000
slot launch_slot_: id  2 | task -1 | sampler chain: logits -> top-k -> dist 
slot launch_slot_: id  2 | task 763 | processing task, is_child = 0
slot update_slots: id  2 | task 763 | new prompt, n_ctx_slot = 2048, n_keep = 0, task.n_tokens = 108
slot update_slots: id  2 | task 763 | n_tokens = 107, memory_seq_rm [107, end)
slot init_sampler: id  2 | task 763 | init sampler, took 0.01 ms, tokens: text = 108, total = 108
slot update_slots: id  2 | task 763 | prompt processing done, n_tokens = 108, batch.n_tokens = 1
slot print_timing: id  2 | task 763 | 
prompt eval time =      11.05 ms /     1 tokens (   11.05 ms per token,    90.50 tokens per second)
       eval time =      15.51 ms /     2 tokens (    7.75 ms per token,   128.99 tokens per second)
      total time =      26.55 ms /     3 tokens
slot      release: id  2 | task 763 | stop processing: n_tokens = 109, truncated = 0
srv  update_slots: all slots are idle
srv  log_server_r: done request: POST /completion 127.0.0.1 200
slot get_availabl: id  2 | task -1 | selected slot by LCP similarity, sim_best = 0.982 (> 0.100 thold), f_keep = 1.000
slot launch_slot_: id  2 | task -1 | sampler chain: logits -> top-k -> dist 
slot launch_slot_: id  2 | task 766 | processing task, is_child = 0
slot update_slots: id  2 | task 766 | new prompt, n_ctx_slot = 2048, n_keep = 0, task.n_tokens = 111
slot update_slots: id  2 | task 766 | n_tokens = 109, memory_seq_rm [109, end)
slot init_sampler: id  2 | task 766 | init sampler, took 0.01 ms, tokens: text = 111, total = 111
slot update_slots: id  2 | task 766 | prompt processing done, n_tokens = 111, batch.n_tokens = 2
slot print_timing: id  2 | task 766 | 
prompt eval time =      74.37 ms /     2 tokens (   37.19 ms per token,    26.89 tokens per second)
       eval time =      11.26 ms /     2 tokens (    5.63 ms per token,   177.68 tokens per second)
      total time =      85.63 ms /     4 tokens
slot      release: id  2 | task 766 | stop processing: n_tokens = 112, truncated = 0
srv  update_slots: all slots are idle
srv  log_server_r: done request: POST /completion 127.0.0.1 200
slot get_availabl: id  2 | task -1 | selected slot by LCP similarity, sim_best = 0.982 (> 0.100 thold), f_keep = 1.000
slot launch_slot_: id  2 | task -1 | sampler chain: logits -> top-k -> dist 
slot launch_slot_: id  2 | task 769 | processing task, is_child = 0
slot update_slots: id  2 | task 769 | new prompt, n_ctx_slot = 2048, n_keep = 0, task.n_tokens = 114
slot update_slots: id  2 | task 769 | n_tokens = 112, memory_seq_rm [112, end)
slot init_sampler: id  2 | task 769 | init sampler, took 0.02 ms, tokens: text = 114, total = 114
slot update_slots: id  2 | task 769 | prompt processing done, n_tokens = 114, batch.n_tokens = 2
slot print_timing: id  2 | task 769 | 
prompt eval time =      74.72 ms /     2 tokens (   37.36 ms per token,    26.77 tokens per second)
       eval time =      11.38 ms /     2 tokens (    5.69 ms per token,   175.70 tokens per second)
      total time =      86.10 ms /     4 tokens
slot      release: id  2 | task 769 | stop processing: n_tokens = 115, truncated = 0
srv  update_slots: all slots are idle
srv  log_server_r: done request: POST /completion 127.0.0.1 200
slot get_availabl: id  2 | task -1 | selected slot by LCP similarity, sim_best = 0.983 (> 0.100 thold), f_keep = 1.000
slot launch_slot_: id  2 | task -1 | sampler chain: logits -> top-k -> dist 
slot launch_slot_: id  2 | task 772 | processing task, is_child = 0
slot update_slots: id  2 | task 772 | new prompt, n_ctx_slot = 2048, n_keep = 0, task.n_tokens = 117
slot update_slots: id  2 | task 772 | n_tokens = 115, memory_seq_rm [115, end)
slot init_sampler: id  2 | task 772 | init sampler, took 0.02 ms, tokens: text = 117, total = 117
slot update_slots: id  2 | task 772 | prompt processing done, n_tokens = 117, batch.n_tokens = 2
slot print_timing: id  2 | task 772 | 
prompt eval time =      74.25 ms /     2 tokens (   37.13 ms per token,    26.93 tokens per second)
       eval time =      11.02 ms /     2 tokens (    5.51 ms per token,   181.49 tokens per second)
      total time =      85.27 ms /     4 tokens
slot      release: id  2 | task 772 | stop processing: n_tokens = 118, truncated = 0
srv  update_slots: all slots are idle
srv  log_server_r: done request: POST /completion 127.0.0.1 200
slot get_availabl: id  2 | task -1 | selected slot by LCP similarity, sim_best = 0.983 (> 0.100 thold), f_keep = 1.000
slot launch_slot_: id  2 | task -1 | sampler chain: logits -> top-k -> dist 
slot launch_slot_: id  2 | task 775 | processing task, is_child = 0
slot update_slots: id  2 | task 775 | new prompt, n_ctx_slot = 2048, n_keep = 0, task.n_tokens = 120
slot update_slots: id  2 | task 775 | n_tokens = 118, memory_seq_rm [118, end)
slot init_sampler: id  2 | task 775 | init sampler, took 0.02 ms, tokens: text = 120, total = 120
slot update_slots: id  2 | task 775 | prompt processing done, n_tokens = 120, batch.n_tokens = 2
slot print_timing: id  2 | task 775 | 
prompt eval time =      73.82 ms /     2 tokens (   36.91 ms per token,    27.09 tokens per second)
       eval time =      10.83 ms /     2 tokens (    5.42 ms per token,   184.67 tokens per second)
      total time =      84.65 ms /     4 tokens
slot      release: id  2 | task 775 | stop processing: n_tokens = 121, truncated = 0
srv  update_slots: all slots are idle
srv  log_server_r: done request: POST /completion 127.0.0.1 200
slot get_availabl: id  2 | task -1 | selected slot by LCP similarity, sim_best = 0.984 (> 0.100 thold), f_keep = 1.000
slot launch_slot_: id  2 | task -1 | sampler chain: logits -> top-k -> dist 
slot launch_slot_: id  2 | task 778 | processing task, is_child = 0
slot update_slots: id  2 | task 778 | new prompt, n_ctx_slot = 2048, n_keep = 0, task.n_tokens = 123
slot update_slots: id  2 | task 778 | n_tokens = 121, memory_seq_rm [121, end)
slot init_sampler: id  2 | task 778 | init sampler, took 0.02 ms, tokens: text = 123, total = 123
slot update_slots: id  2 | task 778 | prompt processing done, n_tokens = 123, batch.n_tokens = 2
slot print_timing: id  2 | task 778 | 
prompt eval time =      72.04 ms /     2 tokens (   36.02 ms per token,    27.76 tokens per second)
       eval time =      11.55 ms /     2 tokens (    5.77 ms per token,   173.21 tokens per second)
      total time =      83.59 ms /     4 tokens
slot      release: id  2 | task 778 | stop processing: n_tokens = 124, truncated = 0
srv  update_slots: all slots are idle
srv  log_server_r: done request: POST /completion 127.0.0.1 200
slot get_availabl: id  2 | task -1 | selected slot by LCP similarity, sim_best = 0.984 (> 0.100 thold), f_keep = 1.000
slot launch_slot_: id  2 | task -1 | sampler chain: logits -> top-k -> dist 
slot launch_slot_: id  2 | task 781 | processing task, is_child = 0
slot update_slots: id  2 | task 781 | new prompt, n_ctx_slot = 2048, n_keep = 0, task.n_tokens = 126
slot update_slots: id  2 | task 781 | n_tokens = 124, memory_seq_rm [124, end)
slot init_sampler: id  2 | task 781 | init sampler, took 0.02 ms, tokens: text = 126, total = 126
slot update_slots: id  2 | task 781 | prompt processing done, n_tokens = 126, batch.n_tokens = 2
slot print_timing: id  2 | task 781 | 
prompt eval time =      75.25 ms /     2 tokens (   37.62 ms per token,    26.58 tokens per second)
       eval time =      11.36 ms /     2 tokens (    5.68 ms per token,   176.04 tokens per second)
      total time =      86.61 ms /     4 tokens
slot      release: id  2 | task 781 | stop processing: n_tokens = 127, truncated = 0
srv  update_slots: all slots are idle
srv  log_server_r: done request: POST /completion 127.0.0.1 200
slot get_availabl: id  2 | task -1 | selected slot by LCP similarity, sim_best = 0.984 (> 0.100 thold), f_keep = 1.000
slot launch_slot_: id  2 | task -1 | sampler chain: logits -> top-k -> dist 
slot launch_slot_: id  2 | task 784 | processing task, is_child = 0
slot update_slots: id  2 | task 784 | new prompt, n_ctx_slot = 2048, n_keep = 0, task.n_tokens = 129
slot update_slots: id  2 | task 784 | n_tokens = 127, memory_seq_rm [127, end)
slot init_sampler: id  2 | task 784 | init sampler, took 0.02 ms, tokens: text = 129, total = 129
slot update_slots: id  2 | task 784 | prompt processing done, n_tokens = 129, batch.n_tokens = 2
slot print_timing: id  2 | task 784 | 
prompt eval time =      74.83 ms /     2 tokens (   37.42 ms per token,    26.73 tokens per second)
       eval time =      11.14 ms /     2 tokens (    5.57 ms per token,   179.48 tokens per second)
      total time =      85.98 ms /     4 tokens
slot      release: id  2 | task 784 | stop processing: n_tokens = 130, truncated = 0
srv  update_slots: all slots are idle
srv  log_server_r: done request: POST /completion 127.0.0.1 200
slot get_availabl: id  2 | task -1 | selected slot by LCP similarity, sim_best = 0.985 (> 0.100 thold), f_keep = 1.000
slot launch_slot_: id  2 | task -1 | sampler chain: logits -> top-k -> dist 
slot launch_slot_: id  2 | task 787 | processing task, is_child = 0
slot update_slots: id  2 | task 787 | new prompt, n_ctx_slot = 2048, n_keep = 0, task.n_tokens = 132
slot update_slots: id  2 | task 787 | n_tokens = 130, memory_seq_rm [130, end)
slot init_sampler: id  2 | task 787 | init sampler, took 0.02 ms, tokens: text = 132, total = 132
slot update_slots: id  2 | task 787 | prompt processing done, n_tokens = 132, batch.n_tokens = 2
slot print_timing: id  2 | task 787 | 
prompt eval time =      74.54 ms /     2 tokens (   37.27 ms per token,    26.83 tokens per second)
       eval time =      11.35 ms /     2 tokens (    5.67 ms per token,   176.26 tokens per second)
      total time =      85.88 ms /     4 tokens
slot      release: id  2 | task 787 | stop processing: n_tokens = 133, truncated = 0
srv  update_slots: all slots are idle
srv  log_server_r: done request: POST /completion 127.0.0.1 200
slot get_availabl: id  2 | task -1 | selected slot by LCP similarity, sim_best = 0.985 (> 0.100 thold), f_keep = 1.000
slot launch_slot_: id  2 | task -1 | sampler chain: logits -> top-k -> dist 
slot launch_slot_: id  2 | task 790 | processing task, is_child = 0
slot update_slots: id  2 | task 790 | new prompt, n_ctx_slot = 2048, n_keep = 0, task.n_tokens = 135
slot update_slots: id  2 | task 790 | n_tokens = 133, memory_seq_rm [133, end)
slot init_sampler: id  2 | task 790 | init sampler, took 0.02 ms, tokens: text = 135, total = 135
slot update_slots: id  2 | task 790 | prompt processing done, n_tokens = 135, batch.n_tokens = 2
slot print_timing: id  2 | task 790 | 
prompt eval time =      73.50 ms /     2 tokens (   36.75 ms per token,    27.21 tokens per second)
       eval time =      10.87 ms /     2 tokens (    5.44 ms per token,   183.94 tokens per second)
      total time =      84.37 ms /     4 tokens
slot      release: id  2 | task 790 | stop processing: n_tokens = 136, truncated = 0
srv  update_slots: all slots are idle
srv  log_server_r: done request: POST /completion 127.0.0.1 200
slot get_availabl: id  2 | task -1 | selected slot by LCP similarity, sim_best = 0.986 (> 0.100 thold), f_keep = 1.000
slot launch_slot_: id  2 | task -1 | sampler chain: logits -> top-k -> dist 
slot launch_slot_: id  2 | task 793 | processing task, is_child = 0
slot update_slots: id  2 | task 793 | new prompt, n_ctx_slot = 2048, n_keep = 0, task.n_tokens = 138
slot update_slots: id  2 | task 793 | n_tokens = 136, memory_seq_rm [136, end)
slot init_sampler: id  2 | task 793 | init sampler, took 0.02 ms, tokens: text = 138, total = 138
slot update_slots: id  2 | task 793 | prompt processing done, n_tokens = 138, batch.n_tokens = 2
slot print_timing: id  2 | task 793 | 
prompt eval time =      74.23 ms /     2 tokens (   37.12 ms per token,    26.94 tokens per second)
       eval time =      11.44 ms /     2 tokens (    5.72 ms per token,   174.81 tokens per second)
      total time =      85.68 ms /     4 tokens
slot      release: id  2 | task 793 | stop processing: n_tokens = 139, truncated = 0
srv  update_slots: all slots are idle
srv  log_server_r: done request: POST /completion 127.0.0.1 200
slot get_availabl: id  2 | task -1 | selected slot by LCP similarity, sim_best = 0.986 (> 0.100 thold), f_keep = 1.000
slot launch_slot_: id  2 | task -1 | sampler chain: logits -> top-k -> dist 
slot launch_slot_: id  2 | task 796 | processing task, is_child = 0
slot update_slots: id  2 | task 796 | new prompt, n_ctx_slot = 2048, n_keep = 0, task.n_tokens = 141
slot update_slots: id  2 | task 796 | n_tokens = 139, memory_seq_rm [139, end)
slot init_sampler: id  2 | task 796 | init sampler, took 0.02 ms, tokens: text = 141, total = 141
slot update_slots: id  2 | task 796 | prompt processing done, n_tokens = 141, batch.n_tokens = 2
slot print_timing: id  2 | task 796 | 
prompt eval time =      72.30 ms /     2 tokens (   36.15 ms per token,    27.66 tokens per second)
       eval time =      11.00 ms /     2 tokens (    5.50 ms per token,   181.82 tokens per second)
      total time =      83.30 ms /     4 tokens
slot      release: id  2 | task 796 | stop processing: n_tokens = 142, truncated = 0
srv  update_slots: all slots are idle
srv  log_server_r: done request: POST /completion 127.0.0.1 200
slot get_availabl: id  2 | task -1 | selected slot by LCP similarity, sim_best = 0.986 (> 0.100 thold), f_keep = 1.000
slot launch_slot_: id  2 | task -1 | sampler chain: logits -> top-k -> dist 
slot launch_slot_: id  2 | task 799 | processing task, is_child = 0
slot update_slots: id  2 | task 799 | new prompt, n_ctx_slot = 2048, n_keep = 0, task.n_tokens = 144
slot update_slots: id  2 | task 799 | n_tokens = 142, memory_seq_rm [142, end)
slot init_sampler: id  2 | task 799 | init sampler, took 0.02 ms, tokens: text = 144, total = 144
slot update_slots: id  2 | task 799 | prompt processing done, n_tokens = 144, batch.n_tokens = 2
slot print_timing: id  2 | task 799 | 
prompt eval time =      74.21 ms /     2 tokens (   37.11 ms per token,    26.95 tokens per second)
       eval time =      10.98 ms /     2 tokens (    5.49 ms per token,   182.07 tokens per second)
      total time =      85.20 ms /     4 tokens
slot      release: id  2 | task 799 | stop processing: n_tokens = 145, truncated = 0
srv  update_slots: all slots are idle
srv  log_server_r: done request: POST /completion 127.0.0.1 200
slot get_availabl: id  2 | task -1 | selected slot by LCP similarity, sim_best = 0.986 (> 0.100 thold), f_keep = 1.000
slot launch_slot_: id  2 | task -1 | sampler chain: logits -> top-k -> dist 
slot launch_slot_: id  2 | task 802 | processing task, is_child = 0
slot update_slots: id  2 | task 802 | new prompt, n_ctx_slot = 2048, n_keep = 0, task.n_tokens = 147
slot update_slots: id  2 | task 802 | n_tokens = 145, memory_seq_rm [145, end)
slot init_sampler: id  2 | task 802 | init sampler, took 0.04 ms, tokens: text = 147, total = 147
slot update_slots: id  2 | task 802 | prompt processing done, n_tokens = 147, batch.n_tokens = 2
slot print_timing: id  2 | task 802 | 
prompt eval time =      74.83 ms /     2 tokens (   37.41 ms per token,    26.73 tokens per second)
       eval time =      11.49 ms /     2 tokens (    5.74 ms per token,   174.09 tokens per second)
      total time =      86.31 ms /     4 tokens
slot      release: id  2 | task 802 | stop processing: n_tokens = 148, truncated = 0
srv  update_slots: all slots are idle
srv  log_server_r: done request: POST /completion 127.0.0.1 200
slot get_availabl: id  2 | task -1 | selected slot by LCP similarity, sim_best = 0.987 (> 0.100 thold), f_keep = 1.000
slot launch_slot_: id  2 | task -1 | sampler chain: logits -> top-k -> dist 
slot launch_slot_: id  2 | task 805 | processing task, is_child = 0
slot update_slots: id  2 | task 805 | new prompt, n_ctx_slot = 2048, n_keep = 0, task.n_tokens = 150
slot update_slots: id  2 | task 805 | n_tokens = 148, memory_seq_rm [148, end)
slot init_sampler: id  2 | task 805 | init sampler, took 0.02 ms, tokens: text = 150, total = 150
slot update_slots: id  2 | task 805 | prompt processing done, n_tokens = 150, batch.n_tokens = 2
slot print_timing: id  2 | task 805 | 
prompt eval time =      74.51 ms /     2 tokens (   37.26 ms per token,    26.84 tokens per second)
       eval time =      11.90 ms /     2 tokens (    5.95 ms per token,   168.10 tokens per second)
      total time =      86.41 ms /     4 tokens
slot      release: id  2 | task 805 | stop processing: n_tokens = 151, truncated = 0
srv  update_slots: all slots are idle
srv  log_server_r: done request: POST /completion 127.0.0.1 200
slot get_availabl: id  2 | task -1 | selected slot by LCP similarity, sim_best = 0.987 (> 0.100 thold), f_keep = 1.000
slot launch_slot_: id  2 | task -1 | sampler chain: logits -> top-k -> dist 
slot launch_slot_: id  2 | task 808 | processing task, is_child = 0
slot update_slots: id  2 | task 808 | new prompt, n_ctx_slot = 2048, n_keep = 0, task.n_tokens = 153
slot update_slots: id  2 | task 808 | n_tokens = 151, memory_seq_rm [151, end)
slot init_sampler: id  2 | task 808 | init sampler, took 0.04 ms, tokens: text = 153, total = 153
slot update_slots: id  2 | task 808 | prompt processing done, n_tokens = 153, batch.n_tokens = 2
slot print_timing: id  2 | task 808 | 
prompt eval time =      74.17 ms /     2 tokens (   37.09 ms per token,    26.96 tokens per second)
       eval time =      11.79 ms /     2 tokens (    5.89 ms per token,   169.69 tokens per second)
      total time =      85.96 ms /     4 tokens
slot      release: id  2 | task 808 | stop processing: n_tokens = 154, truncated = 0
srv  update_slots: all slots are idle
srv  log_server_r: done request: POST /completion 127.0.0.1 200
slot get_availabl: id  2 | task -1 | selected slot by LCP similarity, sim_best = 0.987 (> 0.100 thold), f_keep = 1.000
slot launch_slot_: id  2 | task -1 | sampler chain: logits -> top-k -> dist 
slot launch_slot_: id  2 | task 811 | processing task, is_child = 0
slot update_slots: id  2 | task 811 | new prompt, n_ctx_slot = 2048, n_keep = 0, task.n_tokens = 156
slot update_slots: id  2 | task 811 | n_tokens = 154, memory_seq_rm [154, end)
slot init_sampler: id  2 | task 811 | init sampler, took 0.04 ms, tokens: text = 156, total = 156
slot update_slots: id  2 | task 811 | prompt processing done, n_tokens = 156, batch.n_tokens = 2
slot print_timing: id  2 | task 811 | 
prompt eval time =      72.34 ms /     2 tokens (   36.17 ms per token,    27.65 tokens per second)
       eval time =      12.04 ms /     2 tokens (    6.02 ms per token,   166.14 tokens per second)
      total time =      84.38 ms /     4 tokens
slot      release: id  2 | task 811 | stop processing: n_tokens = 157, truncated = 0
srv  update_slots: all slots are idle
srv  log_server_r: done request: POST /completion 127.0.0.1 200
slot get_availabl: id  2 | task -1 | selected slot by LCP similarity, sim_best = 0.987 (> 0.100 thold), f_keep = 1.000
slot launch_slot_: id  2 | task -1 | sampler chain: logits -> top-k -> dist 
slot launch_slot_: id  2 | task 814 | processing task, is_child = 0
slot update_slots: id  2 | task 814 | new prompt, n_ctx_slot = 2048, n_keep = 0, task.n_tokens = 159
slot update_slots: id  2 | task 814 | n_tokens = 157, memory_seq_rm [157, end)
slot init_sampler: id  2 | task 814 | init sampler, took 0.02 ms, tokens: text = 159, total = 159
slot update_slots: id  2 | task 814 | prompt processing done, n_tokens = 159, batch.n_tokens = 2
slot print_timing: id  2 | task 814 | 
prompt eval time =      75.18 ms /     2 tokens (   37.59 ms per token,    26.60 tokens per second)
       eval time =      11.34 ms /     2 tokens (    5.67 ms per token,   176.32 tokens per second)
      total time =      86.53 ms /     4 tokens
slot      release: id  2 | task 814 | stop processing: n_tokens = 160, truncated = 0
srv  update_slots: all slots are idle
srv  log_server_r: done request: POST /completion 127.0.0.1 200
slot get_availabl: id  2 | task -1 | selected slot by LCP similarity, sim_best = 1.000 (> 0.100 thold), f_keep = 0.206
srv  get_availabl: updating prompt cache
srv   prompt_save:  - saving prompt with length 160, total state size = 17.502 MiB (draft: 0.000 MiB)
srv         alloc:  - prompt is already in the cache, skipping
srv          load:  - looking for better prompt, base f_keep = 0.206, sim = 1.000
srv        update:  - cache state: 2 prompts, 18.378 MiB (limits: 8192.000 MiB, 2048 tokens, 74885 est)
srv        update:    - prompt 000000800B0F5190:       7 tokens, checkpoints:  0,     0.766 MiB
srv        update:    - prompt 000000800B0F7490:     161 tokens, checkpoints:  0,    17.612 MiB
srv  get_availabl: prompt cache update took 0.02 ms
slot launch_slot_: id  2 | task -1 | sampler chain: logits -> top-k -> dist 
slot launch_slot_: id  2 | task 817 | processing task, is_child = 0
slot update_slots: id  2 | task 817 | new prompt, n_ctx_slot = 2048, n_keep = 0, task.n_tokens = 33
slot update_slots: id  2 | task 817 | need to evaluate at least 1 token for each active slot (n_past = 33, task.n_tokens() = 33)
slot update_slots: id  2 | task 817 | n_past was set to 32
slot update_slots: id  2 | task 817 | n_tokens = 32, memory_seq_rm [32, end)
slot init_sampler: id  2 | task 817 | init sampler, took 0.01 ms, tokens: text = 33, total = 33
slot update_slots: id  2 | task 817 | prompt processing done, n_tokens = 33, batch.n_tokens = 1
slot print_timing: id  2 | task 817 | 
prompt eval time =      10.93 ms /     1 tokens (   10.93 ms per token,    91.47 tokens per second)
       eval time =      30.92 ms /     4 tokens (    7.73 ms per token,   129.38 tokens per second)
      total time =      41.85 ms /     5 tokens
slot      release: id  2 | task 817 | stop processing: n_tokens = 36, truncated = 0
srv  update_slots: all slots are idle
srv  log_server_r: done request: POST /completion 127.0.0.1 200
slot get_availabl: id  2 | task -1 | selected slot by LCP similarity, sim_best = 0.971 (> 0.100 thold), f_keep = 0.944
slot launch_slot_: id  2 | task -1 | sampler chain: logits -> top-k -> dist 
slot launch_slot_: id  2 | task 822 | processing task, is_child = 0
slot update_slots: id  2 | task 822 | new prompt, n_ctx_slot = 2048, n_keep = 0, task.n_tokens = 35
slot update_slots: id  2 | task 822 | n_tokens = 34, memory_seq_rm [34, end)
slot init_sampler: id  2 | task 822 | init sampler, took 0.01 ms, tokens: text = 35, total = 35
slot update_slots: id  2 | task 822 | prompt processing done, n_tokens = 35, batch.n_tokens = 1
slot print_timing: id  2 | task 822 | 
prompt eval time =      10.95 ms /     1 tokens (   10.95 ms per token,    91.32 tokens per second)
       eval time =      31.33 ms /     4 tokens (    7.83 ms per token,   127.69 tokens per second)
      total time =      42.28 ms /     5 tokens
slot      release: id  2 | task 822 | stop processing: n_tokens = 38, truncated = 0
srv  update_slots: all slots are idle
srv  log_server_r: done request: POST /completion 127.0.0.1 200
slot get_availabl: id  2 | task -1 | selected slot by LCP similarity, sim_best = 0.974 (> 0.100 thold), f_keep = 1.000
slot launch_slot_: id  2 | task -1 | sampler chain: logits -> top-k -> dist 
slot launch_slot_: id  2 | task 827 | processing task, is_child = 0
slot update_slots: id  2 | task 827 | new prompt, n_ctx_slot = 2048, n_keep = 0, task.n_tokens = 39
slot update_slots: id  2 | task 827 | n_tokens = 38, memory_seq_rm [38, end)
slot init_sampler: id  2 | task 827 | init sampler, took 0.01 ms, tokens: text = 39, total = 39
slot update_slots: id  2 | task 827 | prompt processing done, n_tokens = 39, batch.n_tokens = 1
slot print_timing: id  2 | task 827 | 
prompt eval time =      11.38 ms /     1 tokens (   11.38 ms per token,    87.90 tokens per second)
       eval time =      31.75 ms /     4 tokens (    7.94 ms per token,   125.97 tokens per second)
      total time =      43.13 ms /     5 tokens
slot      release: id  2 | task 827 | stop processing: n_tokens = 42, truncated = 0
srv  update_slots: all slots are idle
srv  log_server_r: done request: POST /completion 127.0.0.1 200
slot get_availabl: id  2 | task -1 | selected slot by LCP similarity, sim_best = 0.975 (> 0.100 thold), f_keep = 0.929
slot launch_slot_: id  2 | task -1 | sampler chain: logits -> top-k -> dist 
slot launch_slot_: id  2 | task 832 | processing task, is_child = 0
slot update_slots: id  2 | task 832 | new prompt, n_ctx_slot = 2048, n_keep = 0, task.n_tokens = 40
slot update_slots: id  2 | task 832 | n_tokens = 39, memory_seq_rm [39, end)
slot init_sampler: id  2 | task 832 | init sampler, took 0.01 ms, tokens: text = 40, total = 40
slot update_slots: id  2 | task 832 | prompt processing done, n_tokens = 40, batch.n_tokens = 1
slot print_timing: id  2 | task 832 | 
prompt eval time =      11.03 ms /     1 tokens (   11.03 ms per token,    90.65 tokens per second)
       eval time =      31.98 ms /     4 tokens (    7.99 ms per token,   125.09 tokens per second)
      total time =      43.01 ms /     5 tokens
slot      release: id  2 | task 832 | stop processing: n_tokens = 43, truncated = 0
srv  update_slots: all slots are idle
srv  log_server_r: done request: POST /completion 127.0.0.1 200
slot get_availabl: id  2 | task -1 | selected slot by LCP similarity, sim_best = 0.976 (> 0.100 thold), f_keep = 0.953
slot launch_slot_: id  2 | task -1 | sampler chain: logits -> top-k -> dist 
slot launch_slot_: id  2 | task 837 | processing task, is_child = 0
slot update_slots: id  2 | task 837 | new prompt, n_ctx_slot = 2048, n_keep = 0, task.n_tokens = 42
slot update_slots: id  2 | task 837 | n_tokens = 41, memory_seq_rm [41, end)
slot init_sampler: id  2 | task 837 | init sampler, took 0.01 ms, tokens: text = 42, total = 42
slot update_slots: id  2 | task 837 | prompt processing done, n_tokens = 42, batch.n_tokens = 1
slot print_timing: id  2 | task 837 | 
prompt eval time =      11.08 ms /     1 tokens (   11.08 ms per token,    90.24 tokens per second)
       eval time =      32.19 ms /     4 tokens (    8.05 ms per token,   124.28 tokens per second)
      total time =      43.27 ms /     5 tokens
slot      release: id  2 | task 837 | stop processing: n_tokens = 45, truncated = 0
srv  update_slots: all slots are idle
srv  log_server_r: done request: POST /completion 127.0.0.1 200
slot get_availabl: id  2 | task -1 | selected slot by LCP similarity, sim_best = 0.977 (> 0.100 thold), f_keep = 0.933
slot launch_slot_: id  2 | task -1 | sampler chain: logits -> top-k -> dist 
slot launch_slot_: id  2 | task 842 | processing task, is_child = 0
slot update_slots: id  2 | task 842 | new prompt, n_ctx_slot = 2048, n_keep = 0, task.n_tokens = 43
slot update_slots: id  2 | task 842 | n_tokens = 42, memory_seq_rm [42, end)
slot init_sampler: id  2 | task 842 | init sampler, took 0.01 ms, tokens: text = 43, total = 43
slot update_slots: id  2 | task 842 | prompt processing done, n_tokens = 43, batch.n_tokens = 1
slot print_timing: id  2 | task 842 | 
prompt eval time =      10.86 ms /     1 tokens (   10.86 ms per token,    92.12 tokens per second)
       eval time =      31.76 ms /     4 tokens (    7.94 ms per token,   125.94 tokens per second)
      total time =      42.62 ms /     5 tokens
slot      release: id  2 | task 842 | stop processing: n_tokens = 46, truncated = 0
srv  update_slots: all slots are idle
srv  log_server_r: done request: POST /completion 127.0.0.1 200
slot get_availabl: id  2 | task -1 | selected slot by LCP similarity, sim_best = 0.978 (> 0.100 thold), f_keep = 0.978
slot launch_slot_: id  2 | task -1 | sampler chain: logits -> top-k -> dist 
slot launch_slot_: id  2 | task 847 | processing task, is_child = 0
slot update_slots: id  2 | task 847 | new prompt, n_ctx_slot = 2048, n_keep = 0, task.n_tokens = 46
slot update_slots: id  2 | task 847 | n_tokens = 45, memory_seq_rm [45, end)
slot init_sampler: id  2 | task 847 | init sampler, took 0.01 ms, tokens: text = 46, total = 46
slot update_slots: id  2 | task 847 | prompt processing done, n_tokens = 46, batch.n_tokens = 1
slot print_timing: id  2 | task 847 | 
prompt eval time =      11.14 ms /     1 tokens (   11.14 ms per token,    89.77 tokens per second)
       eval time =      31.37 ms /     4 tokens (    7.84 ms per token,   127.52 tokens per second)
      total time =      42.51 ms /     5 tokens
slot      release: id  2 | task 847 | stop processing: n_tokens = 49, truncated = 0
srv  update_slots: all slots are idle
srv  log_server_r: done request: POST /completion 127.0.0.1 200
slot get_availabl: id  2 | task -1 | selected slot by LCP similarity, sim_best = 0.979 (> 0.100 thold), f_keep = 0.939
slot launch_slot_: id  2 | task -1 | sampler chain: logits -> top-k -> dist 
slot launch_slot_: id  2 | task 852 | processing task, is_child = 0
slot update_slots: id  2 | task 852 | new prompt, n_ctx_slot = 2048, n_keep = 0, task.n_tokens = 47
slot update_slots: id  2 | task 852 | n_tokens = 46, memory_seq_rm [46, end)
slot init_sampler: id  2 | task 852 | init sampler, took 0.01 ms, tokens: text = 47, total = 47
slot update_slots: id  2 | task 852 | prompt processing done, n_tokens = 47, batch.n_tokens = 1
slot print_timing: id  2 | task 852 | 
prompt eval time =      10.98 ms /     1 tokens (   10.98 ms per token,    91.04 tokens per second)
       eval time =      31.43 ms /     4 tokens (    7.86 ms per token,   127.29 tokens per second)
      total time =      42.41 ms /     5 tokens
slot      release: id  2 | task 852 | stop processing: n_tokens = 50, truncated = 0
srv  update_slots: all slots are idle
srv  log_server_r: done request: POST /completion 127.0.0.1 200
slot get_availabl: id  2 | task -1 | selected slot by LCP similarity, sim_best = 0.980 (> 0.100 thold), f_keep = 0.960
slot launch_slot_: id  2 | task -1 | sampler chain: logits -> top-k -> dist 
slot launch_slot_: id  2 | task 857 | processing task, is_child = 0
slot update_slots: id  2 | task 857 | new prompt, n_ctx_slot = 2048, n_keep = 0, task.n_tokens = 49
slot update_slots: id  2 | task 857 | n_tokens = 48, memory_seq_rm [48, end)
slot init_sampler: id  2 | task 857 | init sampler, took 0.02 ms, tokens: text = 49, total = 49
slot update_slots: id  2 | task 857 | prompt processing done, n_tokens = 49, batch.n_tokens = 1
slot print_timing: id  2 | task 857 | 
prompt eval time =      11.79 ms /     1 tokens (   11.79 ms per token,    84.82 tokens per second)
       eval time =      31.88 ms /     4 tokens (    7.97 ms per token,   125.47 tokens per second)
      total time =      43.67 ms /     5 tokens
slot      release: id  2 | task 857 | stop processing: n_tokens = 52, truncated = 0
srv  update_slots: all slots are idle
srv  log_server_r: done request: POST /completion 127.0.0.1 200
slot get_availabl: id  2 | task -1 | selected slot by LCP similarity, sim_best = 0.980 (> 0.100 thold), f_keep = 0.962
slot launch_slot_: id  2 | task -1 | sampler chain: logits -> top-k -> dist 
slot launch_slot_: id  2 | task 862 | processing task, is_child = 0
slot update_slots: id  2 | task 862 | new prompt, n_ctx_slot = 2048, n_keep = 0, task.n_tokens = 51
slot update_slots: id  2 | task 862 | n_tokens = 50, memory_seq_rm [50, end)
slot init_sampler: id  2 | task 862 | init sampler, took 0.01 ms, tokens: text = 51, total = 51
slot update_slots: id  2 | task 862 | prompt processing done, n_tokens = 51, batch.n_tokens = 1
slot print_timing: id  2 | task 862 | 
prompt eval time =      10.75 ms /     1 tokens (   10.75 ms per token,    93.04 tokens per second)
       eval time =      31.24 ms /     4 tokens (    7.81 ms per token,   128.06 tokens per second)
      total time =      41.98 ms /     5 tokens
slot      release: id  2 | task 862 | stop processing: n_tokens = 54, truncated = 0
srv  update_slots: all slots are idle
srv  log_server_r: done request: POST /completion 127.0.0.1 200
slot get_availabl: id  2 | task -1 | selected slot by LCP similarity, sim_best = 0.981 (> 0.100 thold), f_keep = 0.944
slot launch_slot_: id  2 | task -1 | sampler chain: logits -> top-k -> dist 
slot launch_slot_: id  2 | task 867 | processing task, is_child = 0
slot update_slots: id  2 | task 867 | new prompt, n_ctx_slot = 2048, n_keep = 0, task.n_tokens = 52
slot update_slots: id  2 | task 867 | n_tokens = 51, memory_seq_rm [51, end)
slot init_sampler: id  2 | task 867 | init sampler, took 0.01 ms, tokens: text = 52, total = 52
slot update_slots: id  2 | task 867 | prompt processing done, n_tokens = 52, batch.n_tokens = 1
slot print_timing: id  2 | task 867 | 
prompt eval time =      10.85 ms /     1 tokens (   10.85 ms per token,    92.19 tokens per second)
       eval time =      31.42 ms /     4 tokens (    7.86 ms per token,   127.30 tokens per second)
      total time =      42.27 ms /     5 tokens
slot      release: id  2 | task 867 | stop processing: n_tokens = 55, truncated = 0
srv  update_slots: all slots are idle
srv  log_server_r: done request: POST /completion 127.0.0.1 200
slot get_availabl: id  2 | task -1 | selected slot by LCP similarity, sim_best = 0.981 (> 0.100 thold), f_keep = 0.945
slot launch_slot_: id  2 | task -1 | sampler chain: logits -> top-k -> dist 
slot launch_slot_: id  2 | task 872 | processing task, is_child = 0
slot update_slots: id  2 | task 872 | new prompt, n_ctx_slot = 2048, n_keep = 0, task.n_tokens = 53
slot update_slots: id  2 | task 872 | n_tokens = 52, memory_seq_rm [52, end)
slot init_sampler: id  2 | task 872 | init sampler, took 0.01 ms, tokens: text = 53, total = 53
slot update_slots: id  2 | task 872 | prompt processing done, n_tokens = 53, batch.n_tokens = 1
slot print_timing: id  2 | task 872 | 
prompt eval time =      10.85 ms /     1 tokens (   10.85 ms per token,    92.16 tokens per second)
       eval time =      31.25 ms /     4 tokens (    7.81 ms per token,   128.01 tokens per second)
      total time =      42.10 ms /     5 tokens
slot      release: id  2 | task 872 | stop processing: n_tokens = 56, truncated = 0
srv  update_slots: all slots are idle
srv  log_server_r: done request: POST /completion 127.0.0.1 200
slot get_availabl: id  2 | task -1 | selected slot by LCP similarity, sim_best = 0.981 (> 0.100 thold), f_keep = 0.946
slot launch_slot_: id  2 | task -1 | sampler chain: logits -> top-k -> dist 
slot launch_slot_: id  2 | task 877 | processing task, is_child = 0
slot update_slots: id  2 | task 877 | new prompt, n_ctx_slot = 2048, n_keep = 0, task.n_tokens = 54
slot update_slots: id  2 | task 877 | n_tokens = 53, memory_seq_rm [53, end)
slot init_sampler: id  2 | task 877 | init sampler, took 0.01 ms, tokens: text = 54, total = 54
slot update_slots: id  2 | task 877 | prompt processing done, n_tokens = 54, batch.n_tokens = 1
slot print_timing: id  2 | task 877 | 
prompt eval time =      10.87 ms /     1 tokens (   10.87 ms per token,    91.97 tokens per second)
       eval time =      31.11 ms /     4 tokens (    7.78 ms per token,   128.56 tokens per second)
      total time =      41.99 ms /     5 tokens
slot      release: id  2 | task 877 | stop processing: n_tokens = 57, truncated = 0
srv  update_slots: all slots are idle
srv  log_server_r: done request: POST /completion 127.0.0.1 200
slot get_availabl: id  2 | task -1 | selected slot by LCP similarity, sim_best = 0.982 (> 0.100 thold), f_keep = 0.982
slot launch_slot_: id  2 | task -1 | sampler chain: logits -> top-k -> dist 
slot launch_slot_: id  2 | task 882 | processing task, is_child = 0
slot update_slots: id  2 | task 882 | new prompt, n_ctx_slot = 2048, n_keep = 0, task.n_tokens = 57
slot update_slots: id  2 | task 882 | n_tokens = 56, memory_seq_rm [56, end)
slot init_sampler: id  2 | task 882 | init sampler, took 0.01 ms, tokens: text = 57, total = 57
slot update_slots: id  2 | task 882 | prompt processing done, n_tokens = 57, batch.n_tokens = 1
slot print_timing: id  2 | task 882 | 
prompt eval time =      11.01 ms /     1 tokens (   11.01 ms per token,    90.80 tokens per second)
       eval time =      31.33 ms /     4 tokens (    7.83 ms per token,   127.67 tokens per second)
      total time =      42.34 ms /     5 tokens
slot      release: id  2 | task 882 | stop processing: n_tokens = 60, truncated = 0
srv  update_slots: all slots are idle
srv  log_server_r: done request: POST /completion 127.0.0.1 200
slot get_availabl: id  2 | task -1 | selected slot by LCP similarity, sim_best = 0.984 (> 0.100 thold), f_keep = 1.000
slot launch_slot_: id  2 | task -1 | sampler chain: logits -> top-k -> dist 
slot launch_slot_: id  2 | task 887 | processing task, is_child = 0
slot update_slots: id  2 | task 887 | new prompt, n_ctx_slot = 2048, n_keep = 0, task.n_tokens = 61
slot update_slots: id  2 | task 887 | n_tokens = 60, memory_seq_rm [60, end)
slot init_sampler: id  2 | task 887 | init sampler, took 0.01 ms, tokens: text = 61, total = 61
slot update_slots: id  2 | task 887 | prompt processing done, n_tokens = 61, batch.n_tokens = 1
slot print_timing: id  2 | task 887 | 
prompt eval time =      10.96 ms /     1 tokens (   10.96 ms per token,    91.21 tokens per second)
       eval time =      31.59 ms /     4 tokens (    7.90 ms per token,   126.62 tokens per second)
      total time =      42.55 ms /     5 tokens
slot      release: id  2 | task 887 | stop processing: n_tokens = 64, truncated = 0
srv  update_slots: all slots are idle
srv  log_server_r: done request: POST /completion 127.0.0.1 200
slot get_availabl: id  2 | task -1 | selected slot by LCP similarity, sim_best = 0.970 (> 0.100 thold), f_keep = 1.000
slot launch_slot_: id  2 | task -1 | sampler chain: logits -> top-k -> dist 
slot launch_slot_: id  2 | task 892 | processing task, is_child = 0
slot update_slots: id  2 | task 892 | new prompt, n_ctx_slot = 2048, n_keep = 0, task.n_tokens = 66
slot update_slots: id  2 | task 892 | n_tokens = 64, memory_seq_rm [64, end)
slot init_sampler: id  2 | task 892 | init sampler, took 0.01 ms, tokens: text = 66, total = 66
slot update_slots: id  2 | task 892 | prompt processing done, n_tokens = 66, batch.n_tokens = 2
slot print_timing: id  2 | task 892 | 
prompt eval time =      72.90 ms /     2 tokens (   36.45 ms per token,    27.44 tokens per second)
       eval time =      31.46 ms /     4 tokens (    7.86 ms per token,   127.16 tokens per second)
      total time =     104.35 ms /     6 tokens
slot      release: id  2 | task 892 | stop processing: n_tokens = 69, truncated = 0
srv  update_slots: all slots are idle
srv  log_server_r: done request: POST /completion 127.0.0.1 200
slot get_availabl: id  2 | task -1 | selected slot by LCP similarity, sim_best = 0.985 (> 0.100 thold), f_keep = 0.957
slot launch_slot_: id  2 | task -1 | sampler chain: logits -> top-k -> dist 
slot launch_slot_: id  2 | task 897 | processing task, is_child = 0
slot update_slots: id  2 | task 897 | new prompt, n_ctx_slot = 2048, n_keep = 0, task.n_tokens = 67
slot update_slots: id  2 | task 897 | n_tokens = 66, memory_seq_rm [66, end)
slot init_sampler: id  2 | task 897 | init sampler, took 0.01 ms, tokens: text = 67, total = 67
slot update_slots: id  2 | task 897 | prompt processing done, n_tokens = 67, batch.n_tokens = 1
slot print_timing: id  2 | task 897 | 
prompt eval time =      11.05 ms /     1 tokens (   11.05 ms per token,    90.50 tokens per second)
       eval time =      31.34 ms /     4 tokens (    7.83 ms per token,   127.65 tokens per second)
      total time =      42.39 ms /     5 tokens
slot      release: id  2 | task 897 | stop processing: n_tokens = 70, truncated = 0
srv  update_slots: all slots are idle
srv  log_server_r: done request: POST /completion 127.0.0.1 200
slot get_availabl: id  2 | task -1 | selected slot by LCP similarity, sim_best = 0.986 (> 0.100 thold), f_keep = 1.000
slot launch_slot_: id  2 | task -1 | sampler chain: logits -> top-k -> dist 
slot launch_slot_: id  2 | task 902 | processing task, is_child = 0
slot update_slots: id  2 | task 902 | new prompt, n_ctx_slot = 2048, n_keep = 0, task.n_tokens = 71
slot update_slots: id  2 | task 902 | n_tokens = 70, memory_seq_rm [70, end)
slot init_sampler: id  2 | task 902 | init sampler, took 0.01 ms, tokens: text = 71, total = 71
slot update_slots: id  2 | task 902 | prompt processing done, n_tokens = 71, batch.n_tokens = 1
slot print_timing: id  2 | task 902 | 
prompt eval time =      11.22 ms /     1 tokens (   11.22 ms per token,    89.15 tokens per second)
       eval time =      32.08 ms /     4 tokens (    8.02 ms per token,   124.67 tokens per second)
      total time =      43.30 ms /     5 tokens
slot      release: id  2 | task 902 | stop processing: n_tokens = 74, truncated = 0
srv  update_slots: all slots are idle
srv  log_server_r: done request: POST /completion 127.0.0.1 200
slot get_availabl: id  2 | task -1 | selected slot by LCP similarity, sim_best = 0.986 (> 0.100 thold), f_keep = 0.986
slot launch_slot_: id  2 | task -1 | sampler chain: logits -> top-k -> dist 
slot launch_slot_: id  2 | task 907 | processing task, is_child = 0
slot update_slots: id  2 | task 907 | new prompt, n_ctx_slot = 2048, n_keep = 0, task.n_tokens = 74
slot update_slots: id  2 | task 907 | n_tokens = 73, memory_seq_rm [73, end)
slot init_sampler: id  2 | task 907 | init sampler, took 0.01 ms, tokens: text = 74, total = 74
slot update_slots: id  2 | task 907 | prompt processing done, n_tokens = 74, batch.n_tokens = 1
slot print_timing: id  2 | task 907 | 
prompt eval time =      10.75 ms /     1 tokens (   10.75 ms per token,    93.04 tokens per second)
       eval time =      31.78 ms /     4 tokens (    7.94 ms per token,   125.87 tokens per second)
      total time =      42.53 ms /     5 tokens
slot      release: id  2 | task 907 | stop processing: n_tokens = 77, truncated = 0
srv  update_slots: all slots are idle
srv  log_server_r: done request: POST /completion 127.0.0.1 200
slot get_availabl: id  2 | task -1 | selected slot by LCP similarity, sim_best = 0.987 (> 0.100 thold), f_keep = 0.961
slot launch_slot_: id  2 | task -1 | sampler chain: logits -> top-k -> dist 
slot launch_slot_: id  2 | task 912 | processing task, is_child = 0
slot update_slots: id  2 | task 912 | new prompt, n_ctx_slot = 2048, n_keep = 0, task.n_tokens = 75
slot update_slots: id  2 | task 912 | n_tokens = 74, memory_seq_rm [74, end)
slot init_sampler: id  2 | task 912 | init sampler, took 0.01 ms, tokens: text = 75, total = 75
slot update_slots: id  2 | task 912 | prompt processing done, n_tokens = 75, batch.n_tokens = 1
slot print_timing: id  2 | task 912 | 
prompt eval time =      11.08 ms /     1 tokens (   11.08 ms per token,    90.29 tokens per second)
       eval time =      32.29 ms /     4 tokens (    8.07 ms per token,   123.88 tokens per second)
      total time =      43.37 ms /     5 tokens
slot      release: id  2 | task 912 | stop processing: n_tokens = 78, truncated = 0
srv  update_slots: all slots are idle
srv  log_server_r: done request: POST /completion 127.0.0.1 200
slot get_availabl: id  2 | task -1 | selected slot by LCP similarity, sim_best = 0.987 (> 0.100 thold), f_keep = 0.987
slot launch_slot_: id  2 | task -1 | sampler chain: logits -> top-k -> dist 
slot launch_slot_: id  2 | task 917 | processing task, is_child = 0
slot update_slots: id  2 | task 917 | new prompt, n_ctx_slot = 2048, n_keep = 0, task.n_tokens = 78
slot update_slots: id  2 | task 917 | n_tokens = 77, memory_seq_rm [77, end)
slot init_sampler: id  2 | task 917 | init sampler, took 0.01 ms, tokens: text = 78, total = 78
slot update_slots: id  2 | task 917 | prompt processing done, n_tokens = 78, batch.n_tokens = 1
slot print_timing: id  2 | task 917 | 
prompt eval time =      11.38 ms /     1 tokens (   11.38 ms per token,    87.86 tokens per second)
       eval time =      31.27 ms /     4 tokens (    7.82 ms per token,   127.93 tokens per second)
      total time =      42.65 ms /     5 tokens
slot      release: id  2 | task 917 | stop processing: n_tokens = 81, truncated = 0
srv  update_slots: all slots are idle
srv  log_server_r: done request: POST /completion 127.0.0.1 200
slot get_availabl: id  2 | task -1 | selected slot by LCP similarity, sim_best = 0.988 (> 0.100 thold), f_keep = 0.975
slot launch_slot_: id  2 | task -1 | sampler chain: logits -> top-k -> dist 
slot launch_slot_: id  2 | task 922 | processing task, is_child = 0
slot update_slots: id  2 | task 922 | new prompt, n_ctx_slot = 2048, n_keep = 0, task.n_tokens = 80
slot update_slots: id  2 | task 922 | n_tokens = 79, memory_seq_rm [79, end)
slot init_sampler: id  2 | task 922 | init sampler, took 0.01 ms, tokens: text = 80, total = 80
slot update_slots: id  2 | task 922 | prompt processing done, n_tokens = 80, batch.n_tokens = 1
slot print_timing: id  2 | task 922 | 
prompt eval time =      10.92 ms /     1 tokens (   10.92 ms per token,    91.55 tokens per second)
       eval time =      31.48 ms /     4 tokens (    7.87 ms per token,   127.04 tokens per second)
      total time =      42.41 ms /     5 tokens
slot      release: id  2 | task 922 | stop processing: n_tokens = 83, truncated = 0
srv  update_slots: all slots are idle
srv  log_server_r: done request: POST /completion 127.0.0.1 200
slot get_availabl: id  2 | task -1 | selected slot by LCP similarity, sim_best = 0.976 (> 0.100 thold), f_keep = 1.000
slot launch_slot_: id  2 | task -1 | sampler chain: logits -> top-k -> dist 
slot launch_slot_: id  2 | task 927 | processing task, is_child = 0
slot update_slots: id  2 | task 927 | new prompt, n_ctx_slot = 2048, n_keep = 0, task.n_tokens = 85
slot update_slots: id  2 | task 927 | n_tokens = 83, memory_seq_rm [83, end)
slot init_sampler: id  2 | task 927 | init sampler, took 0.01 ms, tokens: text = 85, total = 85
slot update_slots: id  2 | task 927 | prompt processing done, n_tokens = 85, batch.n_tokens = 2
slot print_timing: id  2 | task 927 | 
prompt eval time =      74.07 ms /     2 tokens (   37.03 ms per token,    27.00 tokens per second)
       eval time =      33.02 ms /     4 tokens (    8.26 ms per token,   121.12 tokens per second)
      total time =     107.09 ms /     6 tokens
slot      release: id  2 | task 927 | stop processing: n_tokens = 88, truncated = 0
srv  update_slots: all slots are idle
srv  log_server_r: done request: POST /completion 127.0.0.1 200
slot get_availabl: id  2 | task -1 | selected slot by LCP similarity, sim_best = 0.989 (> 0.100 thold), f_keep = 0.977
slot launch_slot_: id  2 | task -1 | sampler chain: logits -> top-k -> dist 
slot launch_slot_: id  2 | task 932 | processing task, is_child = 0
slot update_slots: id  2 | task 932 | new prompt, n_ctx_slot = 2048, n_keep = 0, task.n_tokens = 87
slot update_slots: id  2 | task 932 | n_tokens = 86, memory_seq_rm [86, end)
slot init_sampler: id  2 | task 932 | init sampler, took 0.01 ms, tokens: text = 87, total = 87
slot update_slots: id  2 | task 932 | prompt processing done, n_tokens = 87, batch.n_tokens = 1
slot print_timing: id  2 | task 932 | 
prompt eval time =      11.04 ms /     1 tokens (   11.04 ms per token,    90.61 tokens per second)
       eval time =      31.38 ms /     4 tokens (    7.84 ms per token,   127.49 tokens per second)
      total time =      42.41 ms /     5 tokens
slot      release: id  2 | task 932 | stop processing: n_tokens = 90, truncated = 0
srv  update_slots: all slots are idle
srv  log_server_r: done request: POST /completion 127.0.0.1 200
slot get_availabl: id  2 | task -1 | selected slot by LCP similarity, sim_best = 0.989 (> 0.100 thold), f_keep = 0.978
slot launch_slot_: id  2 | task -1 | sampler chain: logits -> top-k -> dist 
slot launch_slot_: id  2 | task 937 | processing task, is_child = 0
slot update_slots: id  2 | task 937 | new prompt, n_ctx_slot = 2048, n_keep = 0, task.n_tokens = 89
slot update_slots: id  2 | task 937 | n_tokens = 88, memory_seq_rm [88, end)
slot init_sampler: id  2 | task 937 | init sampler, took 0.01 ms, tokens: text = 89, total = 89
slot update_slots: id  2 | task 937 | prompt processing done, n_tokens = 89, batch.n_tokens = 1
slot print_timing: id  2 | task 937 | 
prompt eval time =      11.09 ms /     1 tokens (   11.09 ms per token,    90.19 tokens per second)
       eval time =      31.12 ms /     4 tokens (    7.78 ms per token,   128.53 tokens per second)
      total time =      42.21 ms /     5 tokens
slot      release: id  2 | task 937 | stop processing: n_tokens = 92, truncated = 0
srv  update_slots: all slots are idle
srv  log_server_r: done request: POST /completion 127.0.0.1 200
slot get_availabl: id  2 | task -1 | selected slot by LCP similarity, sim_best = 0.979 (> 0.100 thold), f_keep = 1.000
slot launch_slot_: id  2 | task -1 | sampler chain: logits -> top-k -> dist 
slot launch_slot_: id  2 | task 942 | processing task, is_child = 0
slot update_slots: id  2 | task 942 | new prompt, n_ctx_slot = 2048, n_keep = 0, task.n_tokens = 94
slot update_slots: id  2 | task 942 | n_tokens = 92, memory_seq_rm [92, end)
slot init_sampler: id  2 | task 942 | init sampler, took 0.01 ms, tokens: text = 94, total = 94
slot update_slots: id  2 | task 942 | prompt processing done, n_tokens = 94, batch.n_tokens = 2
slot print_timing: id  2 | task 942 | 
prompt eval time =      73.71 ms /     2 tokens (   36.86 ms per token,    27.13 tokens per second)
       eval time =      31.75 ms /     4 tokens (    7.94 ms per token,   126.00 tokens per second)
      total time =     105.46 ms /     6 tokens
slot      release: id  2 | task 942 | stop processing: n_tokens = 97, truncated = 0
srv  update_slots: all slots are idle
srv  log_server_r: done request: POST /completion 127.0.0.1 200
slot get_availabl: id  2 | task -1 | selected slot by LCP similarity, sim_best = 0.980 (> 0.100 thold), f_keep = 1.000
slot launch_slot_: id  2 | task -1 | sampler chain: logits -> top-k -> dist 
slot launch_slot_: id  2 | task 947 | processing task, is_child = 0
slot update_slots: id  2 | task 947 | new prompt, n_ctx_slot = 2048, n_keep = 0, task.n_tokens = 99
slot update_slots: id  2 | task 947 | n_tokens = 97, memory_seq_rm [97, end)
slot init_sampler: id  2 | task 947 | init sampler, took 0.01 ms, tokens: text = 99, total = 99
slot update_slots: id  2 | task 947 | prompt processing done, n_tokens = 99, batch.n_tokens = 2
slot print_timing: id  2 | task 947 | 
prompt eval time =      74.06 ms /     2 tokens (   37.03 ms per token,    27.01 tokens per second)
       eval time =      33.74 ms /     4 tokens (    8.43 ms per token,   118.56 tokens per second)
      total time =     107.80 ms /     6 tokens
slot      release: id  2 | task 947 | stop processing: n_tokens = 102, truncated = 0
srv  update_slots: all slots are idle
srv  log_server_r: done request: POST /completion 127.0.0.1 200
slot get_availabl: id  2 | task -1 | selected slot by LCP similarity, sim_best = 0.990 (> 0.100 thold), f_keep = 0.980
slot launch_slot_: id  2 | task -1 | sampler chain: logits -> top-k -> dist 
slot launch_slot_: id  2 | task 952 | processing task, is_child = 0
slot update_slots: id  2 | task 952 | new prompt, n_ctx_slot = 2048, n_keep = 0, task.n_tokens = 101
slot update_slots: id  2 | task 952 | n_tokens = 100, memory_seq_rm [100, end)
slot init_sampler: id  2 | task 952 | init sampler, took 0.02 ms, tokens: text = 101, total = 101
slot update_slots: id  2 | task 952 | prompt processing done, n_tokens = 101, batch.n_tokens = 1
slot print_timing: id  2 | task 952 | 
prompt eval time =      10.88 ms /     1 tokens (   10.88 ms per token,    91.92 tokens per second)
       eval time =      31.03 ms /     4 tokens (    7.76 ms per token,   128.90 tokens per second)
      total time =      41.91 ms /     5 tokens
slot      release: id  2 | task 952 | stop processing: n_tokens = 104, truncated = 0
srv  update_slots: all slots are idle
srv  log_server_r: done request: POST /completion 127.0.0.1 200
slot get_availabl: id  2 | task -1 | selected slot by LCP similarity, sim_best = 0.990 (> 0.100 thold), f_keep = 0.981
slot launch_slot_: id  2 | task -1 | sampler chain: logits -> top-k -> dist 
slot launch_slot_: id  2 | task 957 | processing task, is_child = 0
slot update_slots: id  2 | task 957 | new prompt, n_ctx_slot = 2048, n_keep = 0, task.n_tokens = 103
slot update_slots: id  2 | task 957 | n_tokens = 102, memory_seq_rm [102, end)
slot init_sampler: id  2 | task 957 | init sampler, took 0.06 ms, tokens: text = 103, total = 103
slot update_slots: id  2 | task 957 | prompt processing done, n_tokens = 103, batch.n_tokens = 1
slot print_timing: id  2 | task 957 | 
prompt eval time =      11.09 ms /     1 tokens (   11.09 ms per token,    90.16 tokens per second)
       eval time =      32.04 ms /     4 tokens (    8.01 ms per token,   124.83 tokens per second)
      total time =      43.14 ms /     5 tokens
slot      release: id  2 | task 957 | stop processing: n_tokens = 106, truncated = 0
srv  update_slots: all slots are idle
srv  log_server_r: done request: POST /completion 127.0.0.1 200
slot get_availabl: id  2 | task -1 | selected slot by LCP similarity, sim_best = 0.981 (> 0.100 thold), f_keep = 1.000
slot launch_slot_: id  2 | task -1 | sampler chain: logits -> top-k -> dist 
slot launch_slot_: id  2 | task 962 | processing task, is_child = 0
slot update_slots: id  2 | task 962 | new prompt, n_ctx_slot = 2048, n_keep = 0, task.n_tokens = 108
slot update_slots: id  2 | task 962 | n_tokens = 106, memory_seq_rm [106, end)
slot init_sampler: id  2 | task 962 | init sampler, took 0.01 ms, tokens: text = 108, total = 108
slot update_slots: id  2 | task 962 | prompt processing done, n_tokens = 108, batch.n_tokens = 2
slot print_timing: id  2 | task 962 | 
prompt eval time =      75.19 ms /     2 tokens (   37.59 ms per token,    26.60 tokens per second)
       eval time =      31.53 ms /     4 tokens (    7.88 ms per token,   126.87 tokens per second)
      total time =     106.71 ms /     6 tokens
slot      release: id  2 | task 962 | stop processing: n_tokens = 111, truncated = 0
srv  update_slots: all slots are idle
srv  log_server_r: done request: POST /completion 127.0.0.1 200
slot get_availabl: id  2 | task -1 | selected slot by LCP similarity, sim_best = 0.982 (> 0.100 thold), f_keep = 1.000
slot launch_slot_: id  2 | task -1 | sampler chain: logits -> top-k -> dist 
slot launch_slot_: id  2 | task 967 | processing task, is_child = 0
slot update_slots: id  2 | task 967 | new prompt, n_ctx_slot = 2048, n_keep = 0, task.n_tokens = 113
slot update_slots: id  2 | task 967 | n_tokens = 111, memory_seq_rm [111, end)
slot init_sampler: id  2 | task 967 | init sampler, took 0.03 ms, tokens: text = 113, total = 113
slot update_slots: id  2 | task 967 | prompt processing done, n_tokens = 113, batch.n_tokens = 2
slot print_timing: id  2 | task 967 | 
prompt eval time =      73.96 ms /     2 tokens (   36.98 ms per token,    27.04 tokens per second)
       eval time =      32.33 ms /     4 tokens (    8.08 ms per token,   123.72 tokens per second)
      total time =     106.29 ms /     6 tokens
slot      release: id  2 | task 967 | stop processing: n_tokens = 116, truncated = 0
srv  update_slots: all slots are idle
srv  log_server_r: done request: POST /completion 127.0.0.1 200
slot get_availabl: id  2 | task -1 | selected slot by LCP similarity, sim_best = 0.983 (> 0.100 thold), f_keep = 1.000
slot launch_slot_: id  2 | task -1 | sampler chain: logits -> top-k -> dist 
slot launch_slot_: id  2 | task 972 | processing task, is_child = 0
slot update_slots: id  2 | task 972 | new prompt, n_ctx_slot = 2048, n_keep = 0, task.n_tokens = 118
slot update_slots: id  2 | task 972 | n_tokens = 116, memory_seq_rm [116, end)
slot init_sampler: id  2 | task 972 | init sampler, took 0.02 ms, tokens: text = 118, total = 118
slot update_slots: id  2 | task 972 | prompt processing done, n_tokens = 118, batch.n_tokens = 2
slot print_timing: id  2 | task 972 | 
prompt eval time =      74.41 ms /     2 tokens (   37.21 ms per token,    26.88 tokens per second)
       eval time =      31.60 ms /     4 tokens (    7.90 ms per token,   126.59 tokens per second)
      total time =     106.01 ms /     6 tokens
slot      release: id  2 | task 972 | stop processing: n_tokens = 121, truncated = 0
srv  update_slots: all slots are idle
srv  log_server_r: done request: POST /completion 127.0.0.1 200
slot get_availabl: id  2 | task -1 | selected slot by LCP similarity, sim_best = 0.984 (> 0.100 thold), f_keep = 1.000
slot launch_slot_: id  2 | task -1 | sampler chain: logits -> top-k -> dist 
slot launch_slot_: id  2 | task 977 | processing task, is_child = 0
slot update_slots: id  2 | task 977 | new prompt, n_ctx_slot = 2048, n_keep = 0, task.n_tokens = 123
slot update_slots: id  2 | task 977 | n_tokens = 121, memory_seq_rm [121, end)
slot init_sampler: id  2 | task 977 | init sampler, took 0.02 ms, tokens: text = 123, total = 123
slot update_slots: id  2 | task 977 | prompt processing done, n_tokens = 123, batch.n_tokens = 2
slot print_timing: id  2 | task 977 | 
prompt eval time =      74.07 ms /     2 tokens (   37.04 ms per token,    27.00 tokens per second)
       eval time =      32.09 ms /     4 tokens (    8.02 ms per token,   124.66 tokens per second)
      total time =     106.16 ms /     6 tokens
slot      release: id  2 | task 977 | stop processing: n_tokens = 126, truncated = 0
srv  update_slots: all slots are idle
srv  log_server_r: done request: POST /completion 127.0.0.1 200
slot get_availabl: id  2 | task -1 | selected slot by LCP similarity, sim_best = 0.984 (> 0.100 thold), f_keep = 1.000
slot launch_slot_: id  2 | task -1 | sampler chain: logits -> top-k -> dist 
slot launch_slot_: id  2 | task 982 | processing task, is_child = 0
slot update_slots: id  2 | task 982 | new prompt, n_ctx_slot = 2048, n_keep = 0, task.n_tokens = 128
slot update_slots: id  2 | task 982 | n_tokens = 126, memory_seq_rm [126, end)
slot init_sampler: id  2 | task 982 | init sampler, took 0.04 ms, tokens: text = 128, total = 128
slot update_slots: id  2 | task 982 | prompt processing done, n_tokens = 128, batch.n_tokens = 2
slot print_timing: id  2 | task 982 | 
prompt eval time =      74.13 ms /     2 tokens (   37.06 ms per token,    26.98 tokens per second)
       eval time =      38.06 ms /     4 tokens (    9.52 ms per token,   105.09 tokens per second)
      total time =     112.19 ms /     6 tokens
slot      release: id  2 | task 982 | stop processing: n_tokens = 131, truncated = 0
srv  update_slots: all slots are idle
srv  log_server_r: done request: POST /completion 127.0.0.1 200
slot get_availabl: id  2 | task -1 | selected slot by LCP similarity, sim_best = 0.985 (> 0.100 thold), f_keep = 1.000
slot launch_slot_: id  2 | task -1 | sampler chain: logits -> top-k -> dist 
slot launch_slot_: id  2 | task 987 | processing task, is_child = 0
slot update_slots: id  2 | task 987 | new prompt, n_ctx_slot = 2048, n_keep = 0, task.n_tokens = 133
slot update_slots: id  2 | task 987 | n_tokens = 131, memory_seq_rm [131, end)
slot init_sampler: id  2 | task 987 | init sampler, took 0.02 ms, tokens: text = 133, total = 133
slot update_slots: id  2 | task 987 | prompt processing done, n_tokens = 133, batch.n_tokens = 2
slot print_timing: id  2 | task 987 | 
prompt eval time =      72.90 ms /     2 tokens (   36.45 ms per token,    27.43 tokens per second)
       eval time =      31.46 ms /     4 tokens (    7.86 ms per token,   127.15 tokens per second)
      total time =     104.36 ms /     6 tokens
slot      release: id  2 | task 987 | stop processing: n_tokens = 136, truncated = 0
srv  update_slots: all slots are idle
srv  log_server_r: done request: POST /completion 127.0.0.1 200
slot get_availabl: id  2 | task -1 | selected slot by LCP similarity, sim_best = 0.986 (> 0.100 thold), f_keep = 1.000
slot launch_slot_: id  2 | task -1 | sampler chain: logits -> top-k -> dist 
slot launch_slot_: id  2 | task 992 | processing task, is_child = 0
slot update_slots: id  2 | task 992 | new prompt, n_ctx_slot = 2048, n_keep = 0, task.n_tokens = 138
slot update_slots: id  2 | task 992 | n_tokens = 136, memory_seq_rm [136, end)
slot init_sampler: id  2 | task 992 | init sampler, took 0.04 ms, tokens: text = 138, total = 138
slot update_slots: id  2 | task 992 | prompt processing done, n_tokens = 138, batch.n_tokens = 2
slot print_timing: id  2 | task 992 | 
prompt eval time =      73.73 ms /     2 tokens (   36.87 ms per token,    27.12 tokens per second)
       eval time =      34.33 ms /     4 tokens (    8.58 ms per token,   116.51 tokens per second)
      total time =     108.06 ms /     6 tokens
slot      release: id  2 | task 992 | stop processing: n_tokens = 141, truncated = 0
srv  update_slots: all slots are idle
srv  log_server_r: done request: POST /completion 127.0.0.1 200
slot get_availabl: id  2 | task -1 | selected slot by LCP similarity, sim_best = 0.986 (> 0.100 thold), f_keep = 1.000
slot launch_slot_: id  2 | task -1 | sampler chain: logits -> top-k -> dist 
slot launch_slot_: id  2 | task 997 | processing task, is_child = 0
slot update_slots: id  2 | task 997 | new prompt, n_ctx_slot = 2048, n_keep = 0, task.n_tokens = 143
slot update_slots: id  2 | task 997 | n_tokens = 141, memory_seq_rm [141, end)
slot init_sampler: id  2 | task 997 | init sampler, took 0.02 ms, tokens: text = 143, total = 143
slot update_slots: id  2 | task 997 | prompt processing done, n_tokens = 143, batch.n_tokens = 2
slot print_timing: id  2 | task 997 | 
prompt eval time =      72.97 ms /     2 tokens (   36.48 ms per token,    27.41 tokens per second)
       eval time =      32.02 ms /     4 tokens (    8.01 ms per token,   124.92 tokens per second)
      total time =     104.99 ms /     6 tokens
slot      release: id  2 | task 997 | stop processing: n_tokens = 146, truncated = 0
srv  update_slots: all slots are idle
srv  log_server_r: done request: POST /completion 127.0.0.1 200
slot get_availabl: id  2 | task -1 | selected slot by LCP similarity, sim_best = 0.986 (> 0.100 thold), f_keep = 1.000
slot launch_slot_: id  2 | task -1 | sampler chain: logits -> top-k -> dist 
slot launch_slot_: id  2 | task 1002 | processing task, is_child = 0
slot update_slots: id  2 | task 1002 | new prompt, n_ctx_slot = 2048, n_keep = 0, task.n_tokens = 148
slot update_slots: id  2 | task 1002 | n_tokens = 146, memory_seq_rm [146, end)
slot init_sampler: id  2 | task 1002 | init sampler, took 0.02 ms, tokens: text = 148, total = 148
slot update_slots: id  2 | task 1002 | prompt processing done, n_tokens = 148, batch.n_tokens = 2
slot print_timing: id  2 | task 1002 | 
prompt eval time =      71.22 ms /     2 tokens (   35.61 ms per token,    28.08 tokens per second)
       eval time =      33.42 ms /     4 tokens (    8.36 ms per token,   119.67 tokens per second)
      total time =     104.64 ms /     6 tokens
slot      release: id  2 | task 1002 | stop processing: n_tokens = 151, truncated = 0
srv  update_slots: all slots are idle
srv  log_server_r: done request: POST /completion 127.0.0.1 200
slot get_availabl: id  2 | task -1 | selected slot by LCP similarity, sim_best = 0.987 (> 0.100 thold), f_keep = 1.000
slot launch_slot_: id  2 | task -1 | sampler chain: logits -> top-k -> dist 
slot launch_slot_: id  2 | task 1007 | processing task, is_child = 0
slot update_slots: id  2 | task 1007 | new prompt, n_ctx_slot = 2048, n_keep = 0, task.n_tokens = 153
slot update_slots: id  2 | task 1007 | n_tokens = 151, memory_seq_rm [151, end)
slot init_sampler: id  2 | task 1007 | init sampler, took 0.02 ms, tokens: text = 153, total = 153
slot update_slots: id  2 | task 1007 | prompt processing done, n_tokens = 153, batch.n_tokens = 2
slot print_timing: id  2 | task 1007 | 
prompt eval time =      72.73 ms /     2 tokens (   36.37 ms per token,    27.50 tokens per second)
       eval time =      32.12 ms /     4 tokens (    8.03 ms per token,   124.52 tokens per second)
      total time =     104.85 ms /     6 tokens
slot      release: id  2 | task 1007 | stop processing: n_tokens = 156, truncated = 0
srv  update_slots: all slots are idle
srv  log_server_r: done request: POST /completion 127.0.0.1 200
slot get_availabl: id  2 | task -1 | selected slot by LCP similarity, sim_best = 0.987 (> 0.100 thold), f_keep = 1.000
slot launch_slot_: id  2 | task -1 | sampler chain: logits -> top-k -> dist 
slot launch_slot_: id  2 | task 1012 | processing task, is_child = 0
slot update_slots: id  2 | task 1012 | new prompt, n_ctx_slot = 2048, n_keep = 0, task.n_tokens = 158
slot update_slots: id  2 | task 1012 | n_tokens = 156, memory_seq_rm [156, end)
slot init_sampler: id  2 | task 1012 | init sampler, took 0.05 ms, tokens: text = 158, total = 158
slot update_slots: id  2 | task 1012 | prompt processing done, n_tokens = 158, batch.n_tokens = 2
slot print_timing: id  2 | task 1012 | 
prompt eval time =      76.18 ms /     2 tokens (   38.09 ms per token,    26.25 tokens per second)
       eval time =      31.48 ms /     4 tokens (    7.87 ms per token,   127.04 tokens per second)
      total time =     107.67 ms /     6 tokens
slot      release: id  2 | task 1012 | stop processing: n_tokens = 161, truncated = 0
srv  update_slots: all slots are idle
srv  log_server_r: done request: POST /completion 127.0.0.1 200
slot get_availabl: id  2 | task -1 | selected slot by LCP similarity, sim_best = 1.000 (> 0.100 thold), f_keep = 0.205
srv  get_availabl: updating prompt cache
srv   prompt_save:  - saving prompt with length 161, total state size = 17.612 MiB (draft: 0.000 MiB)
srv         alloc:  - prompt is already in the cache, skipping
srv          load:  - looking for better prompt, base f_keep = 0.205, sim = 1.000
srv        update:  - cache state: 2 prompts, 18.378 MiB (limits: 8192.000 MiB, 2048 tokens, 74885 est)
srv        update:    - prompt 000000800B0F5190:       7 tokens, checkpoints:  0,     0.766 MiB
srv        update:    - prompt 000000800B0F7490:     161 tokens, checkpoints:  0,    17.612 MiB
srv  get_availabl: prompt cache update took 0.04 ms
slot launch_slot_: id  2 | task -1 | sampler chain: logits -> top-k -> dist 
slot launch_slot_: id  2 | task 1017 | processing task, is_child = 0
slot update_slots: id  2 | task 1017 | new prompt, n_ctx_slot = 2048, n_keep = 0, task.n_tokens = 33
slot update_slots: id  2 | task 1017 | need to evaluate at least 1 token for each active slot (n_past = 33, task.n_tokens() = 33)
slot update_slots: id  2 | task 1017 | n_past was set to 32
slot update_slots: id  2 | task 1017 | n_tokens = 32, memory_seq_rm [32, end)
slot init_sampler: id  2 | task 1017 | init sampler, took 0.01 ms, tokens: text = 33, total = 33
slot update_slots: id  2 | task 1017 | prompt processing done, n_tokens = 33, batch.n_tokens = 1
slot print_timing: id  2 | task 1017 | 
prompt eval time =      11.30 ms /     1 tokens (   11.30 ms per token,    88.50 tokens per second)
       eval time =      73.41 ms /     8 tokens (    9.18 ms per token,   108.98 tokens per second)
      total time =      84.71 ms /     9 tokens
slot      release: id  2 | task 1017 | stop processing: n_tokens = 40, truncated = 0
srv  update_slots: all slots are idle
srv  log_server_r: done request: POST /completion 127.0.0.1 200
slot get_availabl: id  2 | task -1 | selected slot by LCP similarity, sim_best = 0.971 (> 0.100 thold), f_keep = 0.850
slot launch_slot_: id  2 | task -1 | sampler chain: logits -> top-k -> dist 
slot launch_slot_: id  2 | task 1026 | processing task, is_child = 0
slot update_slots: id  2 | task 1026 | new prompt, n_ctx_slot = 2048, n_keep = 0, task.n_tokens = 35
slot update_slots: id  2 | task 1026 | n_tokens = 34, memory_seq_rm [34, end)
slot init_sampler: id  2 | task 1026 | init sampler, took 0.01 ms, tokens: text = 35, total = 35
slot update_slots: id  2 | task 1026 | prompt processing done, n_tokens = 35, batch.n_tokens = 1
slot print_timing: id  2 | task 1026 | 
prompt eval time =      11.02 ms /     1 tokens (   11.02 ms per token,    90.74 tokens per second)
       eval time =      73.43 ms /     8 tokens (    9.18 ms per token,   108.95 tokens per second)
      total time =      84.45 ms /     9 tokens
slot      release: id  2 | task 1026 | stop processing: n_tokens = 42, truncated = 0
srv  update_slots: all slots are idle
srv  log_server_r: done request: POST /completion 127.0.0.1 200
slot get_availabl: id  2 | task -1 | selected slot by LCP similarity, sim_best = 0.974 (> 0.100 thold), f_keep = 0.905
slot launch_slot_: id  2 | task -1 | sampler chain: logits -> top-k -> dist 
slot launch_slot_: id  2 | task 1035 | processing task, is_child = 0
slot update_slots: id  2 | task 1035 | new prompt, n_ctx_slot = 2048, n_keep = 0, task.n_tokens = 39
slot update_slots: id  2 | task 1035 | n_tokens = 38, memory_seq_rm [38, end)
slot init_sampler: id  2 | task 1035 | init sampler, took 0.01 ms, tokens: text = 39, total = 39
slot update_slots: id  2 | task 1035 | prompt processing done, n_tokens = 39, batch.n_tokens = 1
slot print_timing: id  2 | task 1035 | 
prompt eval time =      10.84 ms /     1 tokens (   10.84 ms per token,    92.23 tokens per second)
       eval time =      79.26 ms /     8 tokens (    9.91 ms per token,   100.93 tokens per second)
      total time =      90.10 ms /     9 tokens
slot      release: id  2 | task 1035 | stop processing: n_tokens = 46, truncated = 0
srv  update_slots: all slots are idle
srv  log_server_r: done request: POST /completion 127.0.0.1 200
slot get_availabl: id  2 | task -1 | selected slot by LCP similarity, sim_best = 0.975 (> 0.100 thold), f_keep = 0.848
slot launch_slot_: id  2 | task -1 | sampler chain: logits -> top-k -> dist 
slot launch_slot_: id  2 | task 1044 | processing task, is_child = 0
slot update_slots: id  2 | task 1044 | new prompt, n_ctx_slot = 2048, n_keep = 0, task.n_tokens = 40
slot update_slots: id  2 | task 1044 | n_tokens = 39, memory_seq_rm [39, end)
slot init_sampler: id  2 | task 1044 | init sampler, took 0.01 ms, tokens: text = 40, total = 40
slot update_slots: id  2 | task 1044 | prompt processing done, n_tokens = 40, batch.n_tokens = 1
slot print_timing: id  2 | task 1044 | 
prompt eval time =      11.12 ms /     1 tokens (   11.12 ms per token,    89.89 tokens per second)
       eval time =      72.13 ms /     8 tokens (    9.02 ms per token,   110.91 tokens per second)
      total time =      83.25 ms /     9 tokens
slot      release: id  2 | task 1044 | stop processing: n_tokens = 47, truncated = 0
srv  update_slots: all slots are idle
srv  log_server_r: done request: POST /completion 127.0.0.1 200
slot get_availabl: id  2 | task -1 | selected slot by LCP similarity, sim_best = 0.976 (> 0.100 thold), f_keep = 0.872
slot launch_slot_: id  2 | task -1 | sampler chain: logits -> top-k -> dist 
slot launch_slot_: id  2 | task 1053 | processing task, is_child = 0
slot update_slots: id  2 | task 1053 | new prompt, n_ctx_slot = 2048, n_keep = 0, task.n_tokens = 42
slot update_slots: id  2 | task 1053 | n_tokens = 41, memory_seq_rm [41, end)
slot init_sampler: id  2 | task 1053 | init sampler, took 0.01 ms, tokens: text = 42, total = 42
slot update_slots: id  2 | task 1053 | prompt processing done, n_tokens = 42, batch.n_tokens = 1
slot print_timing: id  2 | task 1053 | 
prompt eval time =      11.49 ms /     1 tokens (   11.49 ms per token,    87.02 tokens per second)
       eval time =      73.12 ms /     8 tokens (    9.14 ms per token,   109.41 tokens per second)
      total time =      84.61 ms /     9 tokens
slot      release: id  2 | task 1053 | stop processing: n_tokens = 49, truncated = 0
srv  update_slots: all slots are idle
srv  log_server_r: done request: POST /completion 127.0.0.1 200
slot get_availabl: id  2 | task -1 | selected slot by LCP similarity, sim_best = 0.977 (> 0.100 thold), f_keep = 0.857
slot launch_slot_: id  2 | task -1 | sampler chain: logits -> top-k -> dist 
slot launch_slot_: id  2 | task 1062 | processing task, is_child = 0
slot update_slots: id  2 | task 1062 | new prompt, n_ctx_slot = 2048, n_keep = 0, task.n_tokens = 43
slot update_slots: id  2 | task 1062 | n_tokens = 42, memory_seq_rm [42, end)
slot init_sampler: id  2 | task 1062 | init sampler, took 0.01 ms, tokens: text = 43, total = 43
slot update_slots: id  2 | task 1062 | prompt processing done, n_tokens = 43, batch.n_tokens = 1
slot print_timing: id  2 | task 1062 | 
prompt eval time =      11.50 ms /     1 tokens (   11.50 ms per token,    86.93 tokens per second)
       eval time =      72.42 ms /     8 tokens (    9.05 ms per token,   110.46 tokens per second)
      total time =      83.93 ms /     9 tokens
slot      release: id  2 | task 1062 | stop processing: n_tokens = 50, truncated = 0
srv  update_slots: all slots are idle
srv  log_server_r: done request: POST /completion 127.0.0.1 200
slot get_availabl: id  2 | task -1 | selected slot by LCP similarity, sim_best = 0.978 (> 0.100 thold), f_keep = 0.900
slot launch_slot_: id  2 | task -1 | sampler chain: logits -> top-k -> dist 
slot launch_slot_: id  2 | task 1071 | processing task, is_child = 0
slot update_slots: id  2 | task 1071 | new prompt, n_ctx_slot = 2048, n_keep = 0, task.n_tokens = 46
slot update_slots: id  2 | task 1071 | n_tokens = 45, memory_seq_rm [45, end)
slot init_sampler: id  2 | task 1071 | init sampler, took 0.01 ms, tokens: text = 46, total = 46
slot update_slots: id  2 | task 1071 | prompt processing done, n_tokens = 46, batch.n_tokens = 1
slot print_timing: id  2 | task 1071 | 
prompt eval time =      11.00 ms /     1 tokens (   11.00 ms per token,    90.89 tokens per second)
       eval time =      72.81 ms /     8 tokens (    9.10 ms per token,   109.88 tokens per second)
      total time =      83.81 ms /     9 tokens
slot      release: id  2 | task 1071 | stop processing: n_tokens = 53, truncated = 0
srv  update_slots: all slots are idle
srv  log_server_r: done request: POST /completion 127.0.0.1 200
slot get_availabl: id  2 | task -1 | selected slot by LCP similarity, sim_best = 0.979 (> 0.100 thold), f_keep = 0.868
slot launch_slot_: id  2 | task -1 | sampler chain: logits -> top-k -> dist 
slot launch_slot_: id  2 | task 1080 | processing task, is_child = 0
slot update_slots: id  2 | task 1080 | new prompt, n_ctx_slot = 2048, n_keep = 0, task.n_tokens = 47
slot update_slots: id  2 | task 1080 | n_tokens = 46, memory_seq_rm [46, end)
slot init_sampler: id  2 | task 1080 | init sampler, took 0.01 ms, tokens: text = 47, total = 47
slot update_slots: id  2 | task 1080 | prompt processing done, n_tokens = 47, batch.n_tokens = 1
slot print_timing: id  2 | task 1080 | 
prompt eval time =      11.00 ms /     1 tokens (   11.00 ms per token,    90.88 tokens per second)
       eval time =      72.31 ms /     8 tokens (    9.04 ms per token,   110.63 tokens per second)
      total time =      83.32 ms /     9 tokens
slot      release: id  2 | task 1080 | stop processing: n_tokens = 54, truncated = 0
srv  update_slots: all slots are idle
srv  log_server_r: done request: POST /completion 127.0.0.1 200
slot get_availabl: id  2 | task -1 | selected slot by LCP similarity, sim_best = 0.980 (> 0.100 thold), f_keep = 0.889
slot launch_slot_: id  2 | task -1 | sampler chain: logits -> top-k -> dist 
slot launch_slot_: id  2 | task 1089 | processing task, is_child = 0
slot update_slots: id  2 | task 1089 | new prompt, n_ctx_slot = 2048, n_keep = 0, task.n_tokens = 49
slot update_slots: id  2 | task 1089 | n_tokens = 48, memory_seq_rm [48, end)
slot init_sampler: id  2 | task 1089 | init sampler, took 0.01 ms, tokens: text = 49, total = 49
slot update_slots: id  2 | task 1089 | prompt processing done, n_tokens = 49, batch.n_tokens = 1
slot print_timing: id  2 | task 1089 | 
prompt eval time =      11.08 ms /     1 tokens (   11.08 ms per token,    90.25 tokens per second)
       eval time =      73.05 ms /     8 tokens (    9.13 ms per token,   109.51 tokens per second)
      total time =      84.13 ms /     9 tokens
slot      release: id  2 | task 1089 | stop processing: n_tokens = 56, truncated = 0
srv  update_slots: all slots are idle
srv  log_server_r: done request: POST /completion 127.0.0.1 200
slot get_availabl: id  2 | task -1 | selected slot by LCP similarity, sim_best = 0.980 (> 0.100 thold), f_keep = 0.893
slot launch_slot_: id  2 | task -1 | sampler chain: logits -> top-k -> dist 
slot launch_slot_: id  2 | task 1098 | processing task, is_child = 0
slot update_slots: id  2 | task 1098 | new prompt, n_ctx_slot = 2048, n_keep = 0, task.n_tokens = 51
slot update_slots: id  2 | task 1098 | n_tokens = 50, memory_seq_rm [50, end)
slot init_sampler: id  2 | task 1098 | init sampler, took 0.01 ms, tokens: text = 51, total = 51
slot update_slots: id  2 | task 1098 | prompt processing done, n_tokens = 51, batch.n_tokens = 1
slot print_timing: id  2 | task 1098 | 
prompt eval time =      11.19 ms /     1 tokens (   11.19 ms per token,    89.36 tokens per second)
       eval time =      73.11 ms /     8 tokens (    9.14 ms per token,   109.43 tokens per second)
      total time =      84.30 ms /     9 tokens
slot      release: id  2 | task 1098 | stop processing: n_tokens = 58, truncated = 0
srv  update_slots: all slots are idle
srv  log_server_r: done request: POST /completion 127.0.0.1 200
slot get_availabl: id  2 | task -1 | selected slot by LCP similarity, sim_best = 0.981 (> 0.100 thold), f_keep = 0.879
slot launch_slot_: id  2 | task -1 | sampler chain: logits -> top-k -> dist 
slot launch_slot_: id  2 | task 1107 | processing task, is_child = 0
slot update_slots: id  2 | task 1107 | new prompt, n_ctx_slot = 2048, n_keep = 0, task.n_tokens = 52
slot update_slots: id  2 | task 1107 | n_tokens = 51, memory_seq_rm [51, end)
slot init_sampler: id  2 | task 1107 | init sampler, took 0.01 ms, tokens: text = 52, total = 52
slot update_slots: id  2 | task 1107 | prompt processing done, n_tokens = 52, batch.n_tokens = 1
slot print_timing: id  2 | task 1107 | 
prompt eval time =      10.96 ms /     1 tokens (   10.96 ms per token,    91.25 tokens per second)
       eval time =      72.41 ms /     8 tokens (    9.05 ms per token,   110.48 tokens per second)
      total time =      83.37 ms /     9 tokens
slot      release: id  2 | task 1107 | stop processing: n_tokens = 59, truncated = 0
srv  update_slots: all slots are idle
srv  log_server_r: done request: POST /completion 127.0.0.1 200
slot get_availabl: id  2 | task -1 | selected slot by LCP similarity, sim_best = 0.981 (> 0.100 thold), f_keep = 0.881
slot launch_slot_: id  2 | task -1 | sampler chain: logits -> top-k -> dist 
slot launch_slot_: id  2 | task 1116 | processing task, is_child = 0
slot update_slots: id  2 | task 1116 | new prompt, n_ctx_slot = 2048, n_keep = 0, task.n_tokens = 53
slot update_slots: id  2 | task 1116 | n_tokens = 52, memory_seq_rm [52, end)
slot init_sampler: id  2 | task 1116 | init sampler, took 0.01 ms, tokens: text = 53, total = 53
slot update_slots: id  2 | task 1116 | prompt processing done, n_tokens = 53, batch.n_tokens = 1
slot print_timing: id  2 | task 1116 | 
prompt eval time =      10.81 ms /     1 tokens (   10.81 ms per token,    92.46 tokens per second)
       eval time =      72.79 ms /     8 tokens (    9.10 ms per token,   109.90 tokens per second)
      total time =      83.61 ms /     9 tokens
slot      release: id  2 | task 1116 | stop processing: n_tokens = 60, truncated = 0
srv  update_slots: all slots are idle
srv  log_server_r: done request: POST /completion 127.0.0.1 200
slot get_availabl: id  2 | task -1 | selected slot by LCP similarity, sim_best = 0.981 (> 0.100 thold), f_keep = 0.883
slot launch_slot_: id  2 | task -1 | sampler chain: logits -> top-k -> dist 
slot launch_slot_: id  2 | task 1125 | processing task, is_child = 0
slot update_slots: id  2 | task 1125 | new prompt, n_ctx_slot = 2048, n_keep = 0, task.n_tokens = 54
slot update_slots: id  2 | task 1125 | n_tokens = 53, memory_seq_rm [53, end)
slot init_sampler: id  2 | task 1125 | init sampler, took 0.01 ms, tokens: text = 54, total = 54
slot update_slots: id  2 | task 1125 | prompt processing done, n_tokens = 54, batch.n_tokens = 1
slot print_timing: id  2 | task 1125 | 
prompt eval time =      10.94 ms /     1 tokens (   10.94 ms per token,    91.42 tokens per second)
       eval time =      72.94 ms /     8 tokens (    9.12 ms per token,   109.68 tokens per second)
      total time =      83.88 ms /     9 tokens
slot      release: id  2 | task 1125 | stop processing: n_tokens = 61, truncated = 0
srv  update_slots: all slots are idle
srv  log_server_r: done request: POST /completion 127.0.0.1 200
slot get_availabl: id  2 | task -1 | selected slot by LCP similarity, sim_best = 0.982 (> 0.100 thold), f_keep = 0.918
slot launch_slot_: id  2 | task -1 | sampler chain: logits -> top-k -> dist 
slot launch_slot_: id  2 | task 1134 | processing task, is_child = 0
slot update_slots: id  2 | task 1134 | new prompt, n_ctx_slot = 2048, n_keep = 0, task.n_tokens = 57
slot update_slots: id  2 | task 1134 | n_tokens = 56, memory_seq_rm [56, end)
slot init_sampler: id  2 | task 1134 | init sampler, took 0.01 ms, tokens: text = 57, total = 57
slot update_slots: id  2 | task 1134 | prompt processing done, n_tokens = 57, batch.n_tokens = 1
slot print_timing: id  2 | task 1134 | 
prompt eval time =      10.91 ms /     1 tokens (   10.91 ms per token,    91.63 tokens per second)
       eval time =      72.34 ms /     8 tokens (    9.04 ms per token,   110.58 tokens per second)
      total time =      83.26 ms /     9 tokens
slot      release: id  2 | task 1134 | stop processing: n_tokens = 64, truncated = 0
srv  update_slots: all slots are idle
srv  log_server_r: done request: POST /completion 127.0.0.1 200
slot get_availabl: id  2 | task -1 | selected slot by LCP similarity, sim_best = 0.984 (> 0.100 thold), f_keep = 0.938
slot launch_slot_: id  2 | task -1 | sampler chain: logits -> top-k -> dist 
slot launch_slot_: id  2 | task 1143 | processing task, is_child = 0
slot update_slots: id  2 | task 1143 | new prompt, n_ctx_slot = 2048, n_keep = 0, task.n_tokens = 61
slot update_slots: id  2 | task 1143 | n_tokens = 60, memory_seq_rm [60, end)
slot init_sampler: id  2 | task 1143 | init sampler, took 0.02 ms, tokens: text = 61, total = 61
slot update_slots: id  2 | task 1143 | prompt processing done, n_tokens = 61, batch.n_tokens = 1
slot print_timing: id  2 | task 1143 | 
prompt eval time =      11.24 ms /     1 tokens (   11.24 ms per token,    88.97 tokens per second)
       eval time =      73.31 ms /     8 tokens (    9.16 ms per token,   109.13 tokens per second)
      total time =      84.55 ms /     9 tokens
slot      release: id  2 | task 1143 | stop processing: n_tokens = 68, truncated = 0
srv  update_slots: all slots are idle
srv  log_server_r: done request: POST /completion 127.0.0.1 200
slot get_availabl: id  2 | task -1 | selected slot by LCP similarity, sim_best = 0.985 (> 0.100 thold), f_keep = 0.971
slot launch_slot_: id  2 | task -1 | sampler chain: logits -> top-k -> dist 
slot launch_slot_: id  2 | task 1152 | processing task, is_child = 0
slot update_slots: id  2 | task 1152 | new prompt, n_ctx_slot = 2048, n_keep = 0, task.n_tokens = 67
slot update_slots: id  2 | task 1152 | n_tokens = 66, memory_seq_rm [66, end)
slot init_sampler: id  2 | task 1152 | init sampler, took 0.01 ms, tokens: text = 67, total = 67
slot update_slots: id  2 | task 1152 | prompt processing done, n_tokens = 67, batch.n_tokens = 1
slot print_timing: id  2 | task 1152 | 
prompt eval time =      11.06 ms /     1 tokens (   11.06 ms per token,    90.42 tokens per second)
       eval time =      72.74 ms /     8 tokens (    9.09 ms per token,   109.98 tokens per second)
      total time =      83.80 ms /     9 tokens
slot      release: id  2 | task 1152 | stop processing: n_tokens = 74, truncated = 0
srv  update_slots: all slots are idle
srv  log_server_r: done request: POST /completion 127.0.0.1 200
slot get_availabl: id  2 | task -1 | selected slot by LCP similarity, sim_best = 0.986 (> 0.100 thold), f_keep = 0.946
slot launch_slot_: id  2 | task -1 | sampler chain: logits -> top-k -> dist 
slot launch_slot_: id  2 | task 1161 | processing task, is_child = 0
slot update_slots: id  2 | task 1161 | new prompt, n_ctx_slot = 2048, n_keep = 0, task.n_tokens = 71
slot update_slots: id  2 | task 1161 | n_tokens = 70, memory_seq_rm [70, end)
slot init_sampler: id  2 | task 1161 | init sampler, took 0.01 ms, tokens: text = 71, total = 71
slot update_slots: id  2 | task 1161 | prompt processing done, n_tokens = 71, batch.n_tokens = 1
slot print_timing: id  2 | task 1161 | 
prompt eval time =      10.88 ms /     1 tokens (   10.88 ms per token,    91.93 tokens per second)
       eval time =      72.70 ms /     8 tokens (    9.09 ms per token,   110.05 tokens per second)
      total time =      83.58 ms /     9 tokens
slot      release: id  2 | task 1161 | stop processing: n_tokens = 78, truncated = 0
srv  update_slots: all slots are idle
srv  log_server_r: done request: POST /completion 127.0.0.1 200
slot get_availabl: id  2 | task -1 | selected slot by LCP similarity, sim_best = 0.986 (> 0.100 thold), f_keep = 0.936
slot launch_slot_: id  2 | task -1 | sampler chain: logits -> top-k -> dist 
slot launch_slot_: id  2 | task 1170 | processing task, is_child = 0
slot update_slots: id  2 | task 1170 | new prompt, n_ctx_slot = 2048, n_keep = 0, task.n_tokens = 74
slot update_slots: id  2 | task 1170 | n_tokens = 73, memory_seq_rm [73, end)
slot init_sampler: id  2 | task 1170 | init sampler, took 0.01 ms, tokens: text = 74, total = 74
slot update_slots: id  2 | task 1170 | prompt processing done, n_tokens = 74, batch.n_tokens = 1
slot print_timing: id  2 | task 1170 | 
prompt eval time =      11.07 ms /     1 tokens (   11.07 ms per token,    90.36 tokens per second)
       eval time =      72.55 ms /     8 tokens (    9.07 ms per token,   110.27 tokens per second)
      total time =      83.62 ms /     9 tokens
slot      release: id  2 | task 1170 | stop processing: n_tokens = 81, truncated = 0
srv  update_slots: all slots are idle
srv  log_server_r: done request: POST /completion 127.0.0.1 200
slot get_availabl: id  2 | task -1 | selected slot by LCP similarity, sim_best = 0.987 (> 0.100 thold), f_keep = 0.914
slot launch_slot_: id  2 | task -1 | sampler chain: logits -> top-k -> dist 
slot launch_slot_: id  2 | task 1179 | processing task, is_child = 0
slot update_slots: id  2 | task 1179 | new prompt, n_ctx_slot = 2048, n_keep = 0, task.n_tokens = 75
slot update_slots: id  2 | task 1179 | n_tokens = 74, memory_seq_rm [74, end)
slot init_sampler: id  2 | task 1179 | init sampler, took 0.01 ms, tokens: text = 75, total = 75
slot update_slots: id  2 | task 1179 | prompt processing done, n_tokens = 75, batch.n_tokens = 1
slot print_timing: id  2 | task 1179 | 
prompt eval time =      11.47 ms /     1 tokens (   11.47 ms per token,    87.18 tokens per second)
       eval time =      75.88 ms /     8 tokens (    9.48 ms per token,   105.43 tokens per second)
      total time =      87.35 ms /     9 tokens
slot      release: id  2 | task 1179 | stop processing: n_tokens = 82, truncated = 0
srv  update_slots: all slots are idle
srv  log_server_r: done request: POST /completion 127.0.0.1 200
slot get_availabl: id  2 | task -1 | selected slot by LCP similarity, sim_best = 0.987 (> 0.100 thold), f_keep = 0.939
slot launch_slot_: id  2 | task -1 | sampler chain: logits -> top-k -> dist 
slot launch_slot_: id  2 | task 1188 | processing task, is_child = 0
slot update_slots: id  2 | task 1188 | new prompt, n_ctx_slot = 2048, n_keep = 0, task.n_tokens = 78
slot update_slots: id  2 | task 1188 | n_tokens = 77, memory_seq_rm [77, end)
slot init_sampler: id  2 | task 1188 | init sampler, took 0.01 ms, tokens: text = 78, total = 78
slot update_slots: id  2 | task 1188 | prompt processing done, n_tokens = 78, batch.n_tokens = 1
slot print_timing: id  2 | task 1188 | 
prompt eval time =      11.23 ms /     1 tokens (   11.23 ms per token,    89.03 tokens per second)
       eval time =      76.29 ms /     8 tokens (    9.54 ms per token,   104.86 tokens per second)
      total time =      87.53 ms /     9 tokens
slot      release: id  2 | task 1188 | stop processing: n_tokens = 85, truncated = 0
srv  update_slots: all slots are idle
srv  log_server_r: done request: POST /completion 127.0.0.1 200
slot get_availabl: id  2 | task -1 | selected slot by LCP similarity, sim_best = 0.988 (> 0.100 thold), f_keep = 0.929
slot launch_slot_: id  2 | task -1 | sampler chain: logits -> top-k -> dist 
slot launch_slot_: id  2 | task 1197 | processing task, is_child = 0
slot update_slots: id  2 | task 1197 | new prompt, n_ctx_slot = 2048, n_keep = 0, task.n_tokens = 80
slot update_slots: id  2 | task 1197 | n_tokens = 79, memory_seq_rm [79, end)
slot init_sampler: id  2 | task 1197 | init sampler, took 0.01 ms, tokens: text = 80, total = 80
slot update_slots: id  2 | task 1197 | prompt processing done, n_tokens = 80, batch.n_tokens = 1
slot print_timing: id  2 | task 1197 | 
prompt eval time =      11.01 ms /     1 tokens (   11.01 ms per token,    90.84 tokens per second)
       eval time =      73.88 ms /     8 tokens (    9.23 ms per token,   108.29 tokens per second)
      total time =      84.88 ms /     9 tokens
slot      release: id  2 | task 1197 | stop processing: n_tokens = 87, truncated = 0
srv  update_slots: all slots are idle
srv  log_server_r: done request: POST /completion 127.0.0.1 200
slot get_availabl: id  2 | task -1 | selected slot by LCP similarity, sim_best = 0.989 (> 0.100 thold), f_keep = 0.989
slot launch_slot_: id  2 | task -1 | sampler chain: logits -> top-k -> dist 
slot launch_slot_: id  2 | task 1206 | processing task, is_child = 0
slot update_slots: id  2 | task 1206 | new prompt, n_ctx_slot = 2048, n_keep = 0, task.n_tokens = 87
slot update_slots: id  2 | task 1206 | n_tokens = 86, memory_seq_rm [86, end)
slot init_sampler: id  2 | task 1206 | init sampler, took 0.01 ms, tokens: text = 87, total = 87
slot update_slots: id  2 | task 1206 | prompt processing done, n_tokens = 87, batch.n_tokens = 1
slot print_timing: id  2 | task 1206 | 
prompt eval time =      12.25 ms /     1 tokens (   12.25 ms per token,    81.63 tokens per second)
       eval time =      74.54 ms /     8 tokens (    9.32 ms per token,   107.32 tokens per second)
      total time =      86.80 ms /     9 tokens
slot      release: id  2 | task 1206 | stop processing: n_tokens = 94, truncated = 0
srv  update_slots: all slots are idle
srv  log_server_r: done request: POST /completion 127.0.0.1 200
slot get_availabl: id  2 | task -1 | selected slot by LCP similarity, sim_best = 0.989 (> 0.100 thold), f_keep = 0.936
slot launch_slot_: id  2 | task -1 | sampler chain: logits -> top-k -> dist 
slot launch_slot_: id  2 | task 1215 | processing task, is_child = 0
slot update_slots: id  2 | task 1215 | new prompt, n_ctx_slot = 2048, n_keep = 0, task.n_tokens = 89
slot update_slots: id  2 | task 1215 | n_tokens = 88, memory_seq_rm [88, end)
slot init_sampler: id  2 | task 1215 | init sampler, took 0.01 ms, tokens: text = 89, total = 89
slot update_slots: id  2 | task 1215 | prompt processing done, n_tokens = 89, batch.n_tokens = 1
slot print_timing: id  2 | task 1215 | 
prompt eval time =      11.07 ms /     1 tokens (   11.07 ms per token,    90.36 tokens per second)
       eval time =      74.94 ms /     8 tokens (    9.37 ms per token,   106.76 tokens per second)
      total time =      86.00 ms /     9 tokens
slot      release: id  2 | task 1215 | stop processing: n_tokens = 96, truncated = 0
srv  update_slots: all slots are idle
srv  log_server_r: done request: POST /completion 127.0.0.1 200
slot get_availabl: id  2 | task -1 | selected slot by LCP similarity, sim_best = 0.989 (> 0.100 thold), f_keep = 0.969
slot launch_slot_: id  2 | task -1 | sampler chain: logits -> top-k -> dist 
slot launch_slot_: id  2 | task 1224 | processing task, is_child = 0
slot update_slots: id  2 | task 1224 | new prompt, n_ctx_slot = 2048, n_keep = 0, task.n_tokens = 94
slot update_slots: id  2 | task 1224 | n_tokens = 93, memory_seq_rm [93, end)
slot init_sampler: id  2 | task 1224 | init sampler, took 0.03 ms, tokens: text = 94, total = 94
slot update_slots: id  2 | task 1224 | prompt processing done, n_tokens = 94, batch.n_tokens = 1
slot print_timing: id  2 | task 1224 | 
prompt eval time =      15.64 ms /     1 tokens (   15.64 ms per token,    63.92 tokens per second)
       eval time =      74.52 ms /     8 tokens (    9.31 ms per token,   107.36 tokens per second)
      total time =      90.16 ms /     9 tokens
slot      release: id  2 | task 1224 | stop processing: n_tokens = 101, truncated = 0
srv  update_slots: all slots are idle
srv  log_server_r: done request: POST /completion 127.0.0.1 200
slot get_availabl: id  2 | task -1 | selected slot by LCP similarity, sim_best = 0.990 (> 0.100 thold), f_keep = 0.990
slot launch_slot_: id  2 | task -1 | sampler chain: logits -> top-k -> dist 
slot launch_slot_: id  2 | task 1233 | processing task, is_child = 0
slot update_slots: id  2 | task 1233 | new prompt, n_ctx_slot = 2048, n_keep = 0, task.n_tokens = 101
slot update_slots: id  2 | task 1233 | n_tokens = 100, memory_seq_rm [100, end)
slot init_sampler: id  2 | task 1233 | init sampler, took 0.01 ms, tokens: text = 101, total = 101
slot update_slots: id  2 | task 1233 | prompt processing done, n_tokens = 101, batch.n_tokens = 1
slot print_timing: id  2 | task 1233 | 
prompt eval time =      10.73 ms /     1 tokens (   10.73 ms per token,    93.21 tokens per second)
       eval time =      73.81 ms /     8 tokens (    9.23 ms per token,   108.38 tokens per second)
      total time =      84.54 ms /     9 tokens
slot      release: id  2 | task 1233 | stop processing: n_tokens = 108, truncated = 0
srv  update_slots: all slots are idle
srv  log_server_r: done request: POST /completion 127.0.0.1 200
slot get_availabl: id  2 | task -1 | selected slot by LCP similarity, sim_best = 0.990 (> 0.100 thold), f_keep = 0.944
slot launch_slot_: id  2 | task -1 | sampler chain: logits -> top-k -> dist 
slot launch_slot_: id  2 | task 1242 | processing task, is_child = 0
slot update_slots: id  2 | task 1242 | new prompt, n_ctx_slot = 2048, n_keep = 0, task.n_tokens = 103
slot update_slots: id  2 | task 1242 | n_tokens = 102, memory_seq_rm [102, end)
slot init_sampler: id  2 | task 1242 | init sampler, took 0.01 ms, tokens: text = 103, total = 103
slot update_slots: id  2 | task 1242 | prompt processing done, n_tokens = 103, batch.n_tokens = 1
slot print_timing: id  2 | task 1242 | 
prompt eval time =      10.99 ms /     1 tokens (   10.99 ms per token,    90.98 tokens per second)
       eval time =      74.72 ms /     8 tokens (    9.34 ms per token,   107.07 tokens per second)
      total time =      85.71 ms /     9 tokens
slot      release: id  2 | task 1242 | stop processing: n_tokens = 110, truncated = 0
srv  update_slots: all slots are idle
srv  log_server_r: done request: POST /completion 127.0.0.1 200
slot get_availabl: id  2 | task -1 | selected slot by LCP similarity, sim_best = 0.991 (> 0.100 thold), f_keep = 0.973
slot launch_slot_: id  2 | task -1 | sampler chain: logits -> top-k -> dist 
slot launch_slot_: id  2 | task 1251 | processing task, is_child = 0
slot update_slots: id  2 | task 1251 | new prompt, n_ctx_slot = 2048, n_keep = 0, task.n_tokens = 108
slot update_slots: id  2 | task 1251 | n_tokens = 107, memory_seq_rm [107, end)
slot init_sampler: id  2 | task 1251 | init sampler, took 0.01 ms, tokens: text = 108, total = 108
slot update_slots: id  2 | task 1251 | prompt processing done, n_tokens = 108, batch.n_tokens = 1
slot print_timing: id  2 | task 1251 | 
prompt eval time =      14.65 ms /     1 tokens (   14.65 ms per token,    68.27 tokens per second)
       eval time =      73.69 ms /     8 tokens (    9.21 ms per token,   108.57 tokens per second)
      total time =      88.34 ms /     9 tokens
slot      release: id  2 | task 1251 | stop processing: n_tokens = 115, truncated = 0
srv  update_slots: all slots are idle
srv  log_server_r: done request: POST /completion 127.0.0.1 200
slot get_availabl: id  2 | task -1 | selected slot by LCP similarity, sim_best = 0.983 (> 0.100 thold), f_keep = 1.000
slot launch_slot_: id  2 | task -1 | sampler chain: logits -> top-k -> dist 
slot launch_slot_: id  2 | task 1260 | processing task, is_child = 0
slot update_slots: id  2 | task 1260 | new prompt, n_ctx_slot = 2048, n_keep = 0, task.n_tokens = 117
slot update_slots: id  2 | task 1260 | n_tokens = 115, memory_seq_rm [115, end)
slot init_sampler: id  2 | task 1260 | init sampler, took 0.01 ms, tokens: text = 117, total = 117
slot update_slots: id  2 | task 1260 | prompt processing done, n_tokens = 117, batch.n_tokens = 2
slot print_timing: id  2 | task 1260 | 
prompt eval time =      71.38 ms /     2 tokens (   35.69 ms per token,    28.02 tokens per second)
       eval time =      73.95 ms /     8 tokens (    9.24 ms per token,   108.18 tokens per second)
      total time =     145.33 ms /    10 tokens
slot      release: id  2 | task 1260 | stop processing: n_tokens = 124, truncated = 0
srv  update_slots: all slots are idle
srv  log_server_r: done request: POST /completion 127.0.0.1 200
slot get_availabl: id  2 | task -1 | selected slot by LCP similarity, sim_best = 0.984 (> 0.100 thold), f_keep = 1.000
slot launch_slot_: id  2 | task -1 | sampler chain: logits -> top-k -> dist 
slot launch_slot_: id  2 | task 1269 | processing task, is_child = 0
slot update_slots: id  2 | task 1269 | new prompt, n_ctx_slot = 2048, n_keep = 0, task.n_tokens = 126
slot update_slots: id  2 | task 1269 | n_tokens = 124, memory_seq_rm [124, end)
slot init_sampler: id  2 | task 1269 | init sampler, took 0.02 ms, tokens: text = 126, total = 126
slot update_slots: id  2 | task 1269 | prompt processing done, n_tokens = 126, batch.n_tokens = 2
slot print_timing: id  2 | task 1269 | 
prompt eval time =      79.49 ms /     2 tokens (   39.75 ms per token,    25.16 tokens per second)
       eval time =      77.25 ms /     8 tokens (    9.66 ms per token,   103.56 tokens per second)
      total time =     156.75 ms /    10 tokens
slot      release: id  2 | task 1269 | stop processing: n_tokens = 133, truncated = 0
srv  update_slots: all slots are idle
srv  log_server_r: done request: POST /completion 127.0.0.1 200
slot get_availabl: id  2 | task -1 | selected slot by LCP similarity, sim_best = 0.985 (> 0.100 thold), f_keep = 1.000
slot launch_slot_: id  2 | task -1 | sampler chain: logits -> top-k -> dist 
slot launch_slot_: id  2 | task 1278 | processing task, is_child = 0
slot update_slots: id  2 | task 1278 | new prompt, n_ctx_slot = 2048, n_keep = 0, task.n_tokens = 135
slot update_slots: id  2 | task 1278 | n_tokens = 133, memory_seq_rm [133, end)
slot init_sampler: id  2 | task 1278 | init sampler, took 0.02 ms, tokens: text = 135, total = 135
slot update_slots: id  2 | task 1278 | prompt processing done, n_tokens = 135, batch.n_tokens = 2
slot print_timing: id  2 | task 1278 | 
prompt eval time =      73.75 ms /     2 tokens (   36.88 ms per token,    27.12 tokens per second)
       eval time =      72.99 ms /     8 tokens (    9.12 ms per token,   109.61 tokens per second)
      total time =     146.74 ms /    10 tokens
slot      release: id  2 | task 1278 | stop processing: n_tokens = 142, truncated = 0
srv  update_slots: all slots are idle
srv  log_server_r: done request: POST /completion 127.0.0.1 200
slot get_availabl: id  2 | task -1 | selected slot by LCP similarity, sim_best = 0.986 (> 0.100 thold), f_keep = 1.000
slot launch_slot_: id  2 | task -1 | sampler chain: logits -> top-k -> dist 
slot launch_slot_: id  2 | task 1287 | processing task, is_child = 0
slot update_slots: id  2 | task 1287 | new prompt, n_ctx_slot = 2048, n_keep = 0, task.n_tokens = 144
slot update_slots: id  2 | task 1287 | n_tokens = 142, memory_seq_rm [142, end)
slot init_sampler: id  2 | task 1287 | init sampler, took 0.02 ms, tokens: text = 144, total = 144
slot update_slots: id  2 | task 1287 | prompt processing done, n_tokens = 144, batch.n_tokens = 2
slot print_timing: id  2 | task 1287 | 
prompt eval time =      71.68 ms /     2 tokens (   35.84 ms per token,    27.90 tokens per second)
       eval time =      77.13 ms /     8 tokens (    9.64 ms per token,   103.72 tokens per second)
      total time =     148.81 ms /    10 tokens
slot      release: id  2 | task 1287 | stop processing: n_tokens = 151, truncated = 0
srv  update_slots: all slots are idle
srv  log_server_r: done request: POST /completion 127.0.0.1 200
slot get_availabl: id  2 | task -1 | selected slot by LCP similarity, sim_best = 0.987 (> 0.100 thold), f_keep = 1.000
slot launch_slot_: id  2 | task -1 | sampler chain: logits -> top-k -> dist 
slot launch_slot_: id  2 | task 1296 | processing task, is_child = 0
slot update_slots: id  2 | task 1296 | new prompt, n_ctx_slot = 2048, n_keep = 0, task.n_tokens = 153
slot update_slots: id  2 | task 1296 | n_tokens = 151, memory_seq_rm [151, end)
slot init_sampler: id  2 | task 1296 | init sampler, took 0.04 ms, tokens: text = 153, total = 153
slot update_slots: id  2 | task 1296 | prompt processing done, n_tokens = 153, batch.n_tokens = 2
slot print_timing: id  2 | task 1296 | 
prompt eval time =      71.45 ms /     2 tokens (   35.72 ms per token,    27.99 tokens per second)
       eval time =      73.36 ms /     8 tokens (    9.17 ms per token,   109.05 tokens per second)
      total time =     144.81 ms /    10 tokens
slot      release: id  2 | task 1296 | stop processing: n_tokens = 160, truncated = 0
srv  update_slots: all slots are idle
srv  log_server_r: done request: POST /completion 127.0.0.1 200
