{
  "version": "0.6.1",
  "activation_encodings": {
    "/model/layers.0/Add_1_output_0": [
      {
        "bitwidth": 16,
        "is_symmetric": "false",
        "min": -3.934924268722534,
        "max": 9.249351644515992,
        "offset": -19559.0,
        "scale": 0.00020117915485219387
      }
    ],
    "/model/layers.1/Add_1_output_0": [
      {
        "bitwidth": 16,
        "is_symmetric": "false",
        "min": -23.499686813354494,
        "max": 40.961486434936525,
        "offset": -23891.0,
        "scale": 0.0009836144540824143
      }
    ],
    "/model/layers.2/Add_1_output_0": [
      {
        "bitwidth": 16,
        "is_symmetric": "false",
        "min": -29.397665119171144,
        "max": 52.433216190338136,
        "offset": -23543.0,
        "scale": 0.001248659209727768
      }
    ],
    "/model/layers.3/Add_1_output_0": [
      {
        "bitwidth": 16,
        "is_symmetric": "false",
        "min": -28.16312074661255,
        "max": 53.83557367324829,
        "offset": -22509.0,
        "scale": 0.0012512198736531752
      }
    ],
    "/model/layers.4/Add_1_output_0": [
      {
        "bitwidth": 16,
        "is_symmetric": "false",
        "min": -27.27413053512573,
        "max": 59.08719701766968,
        "offset": -20697.0,
        "scale": 0.0013177893881558772
      }
    ],
    "/model/layers.5/Add_1_output_0": [
      {
        "bitwidth": 16,
        "is_symmetric": "false",
        "min": -14.022718334197998,
        "max": 26.0648154258728,
        "offset": -22924.0,
        "scale": 0.0006116965554294774
      }
    ],
    "/model/layers.6/Add_1_output_0": [
      {
        "bitwidth": 16,
        "is_symmetric": "false",
        "min": -5643.058056640625,
        "max": 17168.566845703124,
        "offset": -16212.0,
        "scale": 0.34808308388408865
      }
    ],
    "/model/layers.7/Add_1_output_0": [
      {
        "bitwidth": 16,
        "is_symmetric": "false",
        "min": -5641.369067382812,
        "max": 17169.395922851563,
        "offset": -16208.0,
        "scale": 0.3480699624663825
      }
    ],
    "/model/layers.8/Add_1_output_0": [
      {
        "bitwidth": 16,
        "is_symmetric": "false",
        "min": -5639.272509765625,
        "max": 17169.851611328126,
        "offset": -16203.0,
        "scale": 0.3480449244082361
      }
    ],
    "/model/layers.9/Add_1_output_0": [
      {
        "bitwidth": 16,
        "is_symmetric": "false",
        "min": -5638.6162109375,
        "max": 17171.8818359375,
        "offset": -16200.0,
        "scale": 0.3480658891718166
      }
    ],
    "/model/layers.10/Add_1_output_0": [
      {
        "bitwidth": 16,
        "is_symmetric": "false",
        "min": -5636.133129882813,
        "max": 17172.36311035156,
        "offset": -16194.0,
        "scale": 0.3480353435604543
      }
    ],
    "/model/layers.11/Add_1_output_0": [
      {
        "bitwidth": 16,
        "is_symmetric": "false",
        "min": -5632.912670898438,
        "max": 17172.624096679687,
        "offset": -16187.0,
        "scale": 0.3479901849023899
      }
    ]
  },
  "param_encodings": {}
}