{
  "version": "0.6.1",
  "activation_encodings": {
    "past_key_values.24.key": [
      {
        "bitwidth": 8,
        "is_symmetric": "true",
        "min": -27.756478377214567,
        "max": 27.539630889892578,
        "offset": -128.0,
        "scale": 0.2168474873219888
      }
    ],
    "present.24.key": [
      {
        "bitwidth": 8,
        "is_symmetric": "true",
        "min": -27.756478377214567,
        "max": 27.539630889892578,
        "offset": -128.0,
        "scale": 0.2168474873219888
      }
    ],
    "past_key_values.24.value": [
      {
        "bitwidth": 8,
        "is_symmetric": "true",
        "min": -12.716794967651367,
        "max": 12.61744500696659,
        "offset": -128.0,
        "scale": 0.0993499606847763
      }
    ],
    "present.24.value": [
      {
        "bitwidth": 8,
        "is_symmetric": "true",
        "min": -12.716794967651367,
        "max": 12.61744500696659,
        "offset": -128.0,
        "scale": 0.0993499606847763
      }
    ],
    "past_key_values.25.key": [
      {
        "bitwidth": 8,
        "is_symmetric": "true",
        "min": -20.913610458374023,
        "max": 20.750222876667976,
        "offset": -128.0,
        "scale": 0.16338758170604706
      }
    ],
    "present.25.key": [
      {
        "bitwidth": 8,
        "is_symmetric": "true",
        "min": -20.913610458374023,
        "max": 20.750222876667976,
        "offset": -128.0,
        "scale": 0.16338758170604706
      }
    ],
    "past_key_values.25.value": [
      {
        "bitwidth": 8,
        "is_symmetric": "true",
        "min": -11.244966506958008,
        "max": 11.157115206122398,
        "offset": -128.0,
        "scale": 0.08785130083560944
      }
    ],
    "present.25.value": [
      {
        "bitwidth": 8,
        "is_symmetric": "true",
        "min": -11.244966506958008,
        "max": 11.157115206122398,
        "offset": -128.0,
        "scale": 0.08785130083560944
      }
    ],
    "past_key_values.26.key": [
      {
        "bitwidth": 8,
        "is_symmetric": "true",
        "min": -21.86540412902832,
        "max": 21.694580659270287,
        "offset": -128.0,
        "scale": 0.17082346975803375
      }
    ],
    "present.26.key": [
      {
        "bitwidth": 8,
        "is_symmetric": "true",
        "min": -21.86540412902832,
        "max": 21.694580659270287,
        "offset": -128.0,
        "scale": 0.17082346975803375
      }
    ],
    "past_key_values.26.value": [
      {
        "bitwidth": 8,
        "is_symmetric": "true",
        "min": -11.749946173720472,
        "max": 11.658149719238281,
        "offset": -128.0,
        "scale": 0.09179645448219119
      }
    ],
    "present.26.value": [
      {
        "bitwidth": 8,
        "is_symmetric": "true",
        "min": -11.749946173720472,
        "max": 11.658149719238281,
        "offset": -128.0,
        "scale": 0.09179645448219119
      }
    ],
    "past_key_values.27.key": [
      {
        "bitwidth": 8,
        "is_symmetric": "true",
        "min": -20.222919464111328,
        "max": 20.06492790579796,
        "offset": -128.0,
        "scale": 0.15799155831336975
      }
    ],
    "present.27.key": [
      {
        "bitwidth": 8,
        "is_symmetric": "true",
        "min": -20.222919464111328,
        "max": 20.06492790579796,
        "offset": -128.0,
        "scale": 0.15799155831336975
      }
    ],
    "past_key_values.27.value": [
      {
        "bitwidth": 8,
        "is_symmetric": "true",
        "min": -14.802903175354004,
        "max": 14.68725549429655,
        "offset": -128.0,
        "scale": 0.11564768105745316
      }
    ],
    "present.27.value": [
      {
        "bitwidth": 8,
        "is_symmetric": "true",
        "min": -14.802903175354004,
        "max": 14.68725549429655,
        "offset": -128.0,
        "scale": 0.11564768105745316
      }
    ],
    "past_key_values.28.key": [
      {
        "bitwidth": 8,
        "is_symmetric": "true",
        "min": -20.89173612819882,
        "max": 20.728519439697266,
        "offset": -128.0,
        "scale": 0.16321668850155327
      }
    ],
    "present.28.key": [
      {
        "bitwidth": 8,
        "is_symmetric": "true",
        "min": -20.89173612819882,
        "max": 20.728519439697266,
        "offset": -128.0,
        "scale": 0.16321668850155327
      }
    ],
    "past_key_values.28.value": [
      {
        "bitwidth": 8,
        "is_symmetric": "true",
        "min": -15.511375607468011,
        "max": 15.390192985534668,
        "offset": -128.0,
        "scale": 0.12118262193334384
      }
    ],
    "present.28.value": [
      {
        "bitwidth": 8,
        "is_symmetric": "true",
        "min": -15.511375607468011,
        "max": 15.390192985534668,
        "offset": -128.0,
        "scale": 0.12118262193334384
      }
    ],
    "past_key_values.29.key": [
      {
        "bitwidth": 8,
        "is_symmetric": "true",
        "min": -23.283424377441406,
        "max": 23.101522624492645,
        "offset": -128.0,
        "scale": 0.181901752948761
      }
    ],
    "present.29.key": [
      {
        "bitwidth": 8,
        "is_symmetric": "true",
        "min": -23.283424377441406,
        "max": 23.101522624492645,
        "offset": -128.0,
        "scale": 0.181901752948761
      }
    ],
    "past_key_values.29.value": [
      {
        "bitwidth": 8,
        "is_symmetric": "true",
        "min": -44.931948203740156,
        "max": 44.58091735839844,
        "offset": -128.0,
        "scale": 0.35103084534171997
      }
    ],
    "present.29.value": [
      {
        "bitwidth": 8,
        "is_symmetric": "true",
        "min": -44.931948203740156,
        "max": 44.58091735839844,
        "offset": -128.0,
        "scale": 0.35103084534171997
      }
    ],
    "past_key_values.30.key": [
      {
        "bitwidth": 8,
        "is_symmetric": "true",
        "min": -23.828359603881836,
        "max": 23.64220054447651,
        "offset": -128.0,
        "scale": 0.18615905940532684
      }
    ],
    "present.30.key": [
      {
        "bitwidth": 8,
        "is_symmetric": "true",
        "min": -23.828359603881836,
        "max": 23.64220054447651,
        "offset": -128.0,
        "scale": 0.18615905940532684
      }
    ],
    "past_key_values.30.value": [
      {
        "bitwidth": 8,
        "is_symmetric": "true",
        "min": -37.14265441894531,
        "max": 36.8524774312973,
        "offset": -128.0,
        "scale": 0.29017698764801025
      }
    ],
    "present.30.value": [
      {
        "bitwidth": 8,
        "is_symmetric": "true",
        "min": -37.14265441894531,
        "max": 36.8524774312973,
        "offset": -128.0,
        "scale": 0.29017698764801025
      }
    ],
    "past_key_values.31.key": [
      {
        "bitwidth": 8,
        "is_symmetric": "true",
        "min": -24.368297576904297,
        "max": 24.177920252084732,
        "offset": -128.0,
        "scale": 0.19037732481956482
      }
    ],
    "present.31.key": [
      {
        "bitwidth": 8,
        "is_symmetric": "true",
        "min": -24.368297576904297,
        "max": 24.177920252084732,
        "offset": -128.0,
        "scale": 0.19037732481956482
      }
    ],
    "past_key_values.31.value": [
      {
        "bitwidth": 8,
        "is_symmetric": "true",
        "min": -46.408487635334644,
        "max": 46.045921325683594,
        "offset": -128.0,
        "scale": 0.3625663096510519
      }
    ],
    "present.31.value": [
      {
        "bitwidth": 8,
        "is_symmetric": "true",
        "min": -46.408487635334644,
        "max": 46.045921325683594,
        "offset": -128.0,
        "scale": 0.3625663096510519
      }
    ],
    "past_key_values.32.key": [
      {
        "bitwidth": 8,
        "is_symmetric": "true",
        "min": -19.88751460999016,
        "max": 19.73214340209961,
        "offset": -128.0,
        "scale": 0.15537120789054812
      }
    ],