{
  "version": "0.6.1",
  "activation_encodings": {
    "past_key_values.0.key": [
      {
        "bitwidth": 8,
        "is_symmetric": "true",
        "min": -300.2611343503937,
        "max": 297.91534423828125,
        "offset": -128.0,
        "scale": 2.345790112112451
      }
    ],
    "present.0.key": [
      {
        "bitwidth": 8,
        "is_symmetric": "true",
        "min": -300.2611343503937,
        "max": 297.91534423828125,
        "offset": -128.0,
        "scale": 2.345790112112451
      }
    ],
    "past_key_values.0.value": [
      {
        "bitwidth": 8,
        "is_symmetric": "true",
        "min": -0.5627318855345719,
        "max": 0.558335542678833,
        "offset": -128.0,
        "scale": 0.004396342855738843
      }
    ],
    "present.0.value": [
      {
        "bitwidth": 8,
        "is_symmetric": "true",
        "min": -0.5627318855345719,
        "max": 0.558335542678833,
        "offset": -128.0,
        "scale": 0.004396342855738843
      }
    ],
    "past_key_values.1.key": [
      {
        "bitwidth": 8,
        "is_symmetric": "true",
        "min": -60.7457092765748,
        "max": 60.27113342285156,
        "offset": -128.0,
        "scale": 0.4745758537232406
      }
    ],
    "present.1.key": [
      {
        "bitwidth": 8,
        "is_symmetric": "true",
        "min": -60.7457092765748,
        "max": 60.27113342285156,
        "offset": -128.0,
        "scale": 0.4745758537232406
      }
    ],
    "past_key_values.1.value": [
      {
        "bitwidth": 8,
        "is_symmetric": "true",
        "min": -0.675029993057251,
        "max": 0.6697563212364912,
        "offset": -128.0,
        "scale": 0.005273671820759773
      }
    ],
    "present.1.value": [
      {
        "bitwidth": 8,
        "is_symmetric": "true",
        "min": -0.675029993057251,
        "max": 0.6697563212364912,
        "offset": -128.0,
        "scale": 0.005273671820759773
      }
    ],
    "past_key_values.2.key": [
      {
        "bitwidth": 8,
        "is_symmetric": "true",
        "min": -26.73101234436035,
        "max": 26.522176310420036,
        "offset": -128.0,
        "scale": 0.20883603394031525
      }
    ],
    "present.2.key": [
      {
        "bitwidth": 8,
        "is_symmetric": "true",
        "min": -26.73101234436035,
        "max": 26.522176310420036,
        "offset": -128.0,
        "scale": 0.20883603394031525
      }
    ],
    "past_key_values.2.value": [
      {
        "bitwidth": 8,
        "is_symmetric": "true",
        "min": -0.847822904586792,
        "max": 0.8411992881447077,
        "offset": -128.0,
        "scale": 0.0066236164420843124
      }
    ],
    "present.2.value": [
      {
        "bitwidth": 8,
        "is_symmetric": "true",
        "min": -0.847822904586792,
        "max": 0.8411992881447077,
        "offset": -128.0,
        "scale": 0.0066236164420843124
      }
    ],
    "past_key_values.3.key": [
      {
        "bitwidth": 8,
        "is_symmetric": "true",
        "min": -26.87801742553711,
        "max": 26.6680329144001,
        "offset": -128.0,
        "scale": 0.20998451113700867
      }
    ],
    "present.3.key": [
      {
        "bitwidth": 8,
        "is_symmetric": "true",
        "min": -26.87801742553711,
        "max": 26.6680329144001,
        "offset": -128.0,
        "scale": 0.20998451113700867
      }
    ],
    "past_key_values.3.value": [
      {
        "bitwidth": 8,
        "is_symmetric": "true",
        "min": -1.1594626903533936,
        "max": 1.1504043880850077,
        "offset": -128.0,
        "scale": 0.009058302268385887
      }
    ],
    "present.3.value": [
      {
        "bitwidth": 8,
        "is_symmetric": "true",
        "min": -1.1594626903533936,
        "max": 1.1504043880850077,
        "offset": -128.0,
        "scale": 0.009058302268385887
      }
    ],
    "past_key_values.4.key": [
      {
        "bitwidth": 8,
        "is_symmetric": "true",
        "min": -65.05806317667323,
        "max": 64.54979705810547,
        "offset": -128.0,
        "scale": 0.5082661185677596
      }
    ],
    "present.4.key": [
      {
        "bitwidth": 8,
        "is_symmetric": "true",
        "min": -65.05806317667323,
        "max": 64.54979705810547,
        "offset": -128.0,
        "scale": 0.5082661185677596
      }
    ],
    "past_key_values.4.value": [
      {
        "bitwidth": 8,
        "is_symmetric": "true",
        "min": -1.2850277423858643,
        "max": 1.2749884631484747,
        "offset": -128.0,
        "scale": 0.010039279237389565
      }
    ],
    "present.4.value": [
      {
        "bitwidth": 8,
        "is_symmetric": "true",
        "min": -1.2850277423858643,
        "max": 1.2749884631484747,
        "offset": -128.0,
        "scale": 0.010039279237389565
      }
    ],
    "past_key_values.5.key": [
      {
        "bitwidth": 8,
        "is_symmetric": "true",
        "min": -110.14244740403544,
        "max": 109.2819595336914,
        "offset": -128.0,
        "scale": 0.8604878703440269
      }
    ],
    "present.5.key": [
      {
        "bitwidth": 8,
        "is_symmetric": "true",
        "min": -110.14244740403544,
        "max": 109.2819595336914,
        "offset": -128.0,
        "scale": 0.8604878703440269
      }
    ],
    "past_key_values.5.value": [
      {
        "bitwidth": 8,
        "is_symmetric": "true",
        "min": -1.5077680349349976,
        "max": 1.495988597162068,
        "offset": -128.0,
        "scale": 0.011779437772929668
      }
    ],
    "present.5.value": [
      {
        "bitwidth": 8,
        "is_symmetric": "true",
        "min": -1.5077680349349976,
        "max": 1.495988597162068,
        "offset": -128.0,
        "scale": 0.011779437772929668
      }
    ],
    "past_key_values.6.key": [
      {
        "bitwidth": 8,
        "is_symmetric": "true",
        "min": -41.93682332677165,
        "max": 41.60919189453125,
        "offset": -128.0,
        "scale": 0.32763143224040353
      }
    ],
    "present.6.key": [
      {
        "bitwidth": 8,
        "is_symmetric": "true",
        "min": -41.93682332677165,
        "max": 41.60919189453125,
        "offset": -128.0,
        "scale": 0.32763143224040353
      }
    ],
    "past_key_values.6.value": [
      {
        "bitwidth": 8,
        "is_symmetric": "true",
        "min": -1.977885365486145,
        "max": 1.9624331360682845,
        "offset": -128.0,
        "scale": 0.015452229417860508
      }
    ],
    "present.6.value": [
      {
        "bitwidth": 8,
        "is_symmetric": "true",
        "min": -1.977885365486145,
        "max": 1.9624331360682845,
        "offset": -128.0,
        "scale": 0.015452229417860508
      }
    ],
    "past_key_values.7.key": [
      {
        "bitwidth": 8,
        "is_symmetric": "true",
        "min": -33.70414000984252,
        "max": 33.440826416015625,
        "offset": -128.0,
        "scale": 0.2633135938268947
      }
    ],
    "present.7.key": [
      {
        "bitwidth": 8,
        "is_symmetric": "true",
        "min": -33.70414000984252,
        "max": 33.440826416015625,
        "offset": -128.0,
        "scale": 0.2633135938268947
      }
    ],
    "past_key_values.7.value": [
      {
        "bitwidth": 8,
        "is_symmetric": "true",
        "min": -2.970353364944458,
        "max": 2.9471474792808294,
        "offset": -128.0,
        "scale": 0.023205885663628578
      }
    ],
    "present.7.value": [
      {
        "bitwidth": 8,
        "is_symmetric": "true",
        "min": -2.970353364944458,
        "max": 2.9471474792808294,
        "offset": -128.0,
        "scale": 0.023205885663628578
      }
    ],
    "past_key_values.8.key": [
      {
        "bitwidth": 8,
        "is_symmetric": "true",
        "min": -56.74153137207031,
        "max": 56.29823815822601,
        "offset": -128.0,
        "scale": 0.4432932138442993
      }
    ],
    "present.8.key": [
      {
        "bitwidth": 8,